5.39412,0,0,0,0,0,0,,0,0,0,0
5.484565,0,0,0,0,0,0,,0,0,0,0
10.7525,-0.004660241,-0.01005715,0.005801902,0.05770205,0.1121119,0.0286213,,0,0,0,0
11.48343,0.005040629,-0.01030916,0.02892916,0.03655063,0.1031428,0.03440556,,-1,1,-1,1
11.51126,0.01712191,-0.02865652,0.03134287,0.03760035,0.09462887,0.02603417,,-1,1,-1,1
11.53885,0.01843763,-0.0292727,0.03103281,0.03727137,0.09628659,0.02885266,,-1,1,-1,1
11.57913,0.01961351,-0.03017731,0.03083022,0.03859307,0.09744498,0.03188473,,-1,1,-1,1
11.60122,0.02024578,-0.03067195,0.03049452,0.03914005,0.0981898,0.03479968,,-1,1,-1,1
11.62885,0.02091756,-0.03111711,0.03022101,0.03992792,0.09777835,0.03760876,,-1,1,-1,1
11.64745,0.02197249,-0.03168915,0.02962322,0.04045106,0.09687287,0.04017205,,-1,1,-1,1
11.68252,0.02349392,-0.03244541,0.02932286,0.04138449,0.09359863,0.03931486,,-1,1,-1,1
11.70352,0.02470564,-0.03326305,0.02884518,0.04159288,0.09184846,0.03979557,,-1,1,-1,1
11.72792,0.02546405,-0.03378845,0.02857833,0.04192535,0.09168577,0.03986358,,-1,1,-1,1
11.75919,0.02649804,-0.03380739,0.02821566,0.04311239,0.09174052,0.03978947,,-1,1,-1,1
11.77916,0.02727789,-0.03413903,0.02821826,0.04344321,0.09218293,0.03966703,,-1,1,-1,1
11.80233,0.02777839,-0.03449914,0.02819549,0.04334558,0.09400165,0.03998987,,-1,1,-1,1
11.82611,0.02800359,-0.03462852,0.02806031,0.04351846,0.0968262,0.04163586,,-1,1,-1,1
11.8583,0.02769765,-0.03347562,0.02779578,0.04511387,0.1003263,0.04546807,,-1,1,-1,1
11.88118,0.02753798,-0.0324368,0.02787664,0.04460907,0.1005136,0.04734593,,-1,1,-1,1
11.90416,0.02763049,-0.03159973,0.02816707,0.04348103,0.09942332,0.04805998,,-1,1,-1,1
11.92291,0.02777846,-0.03094563,0.02845426,0.04096238,0.09765774,0.04781576,,-1,1,-1,1
11.94059,0.02779609,-0.0301479,0.02839033,0.03736587,0.09642792,0.04719315,,-1,1,-1,1
11.97937,0.02714545,-0.02880082,0.02817165,0.0331196,0.0962238,0.04628654,,-1,1,-1,1
12.00027,0.02672382,-0.02733477,0.02791244,0.03045085,0.09506866,0.0444615,,-1,1,-1,1
12.02225,0.02631705,-0.02575605,0.02777515,0.02665549,0.09246632,0.04105757,,-1,1,-1,1
12.04496,0.02640327,-0.02503113,0.02771576,0.02493139,0.08999953,0.03803963,,-1,1,-1,1
12.07801,0.02627411,-0.02337544,0.02746655,0.02087425,0.08478126,0.03324109,,-1,1,-1,1
12.10046,0.0261319,-0.02224658,0.02726687,0.01859322,0.08007392,0.03105333,,-1,1,-1,1
12.12697,0.02641967,-0.02011883,0.02649335,0.01647411,0.0739367,0.02830978,,-1,1,-1,1
12.14666,0.0271928,-0.01899176,0.02638065,0.01454317,0.06742874,0.02502925,,-1,1,-1,1
12.16604,0.02800857,-0.01847523,0.02632848,0.01194432,0.0612691,0.02177534,,-1,1,-1,1
12.20225,0.02985654,-0.01898863,0.02641126,0.006377281,0.05278265,0.01864482,,-1,1,-1,1
12.22601,0.03259615,-0.01904372,0.0261064,0.000671288,0.04376692,0.01368499,,-1,1,-1,1
12.24484,0.0344869,-0.01994935,0.02658905,-0.00104133,0.03946912,0.009387033,,-1,1,-1,1
12.27075,0.03837853,-0.0214322,0.02772192,-0.001627836,0.03276011,0.001890726,,-1,1,-1,1
12.291,0.04256442,-0.02342089,0.02914963,-0.00273342,0.02929634,-0.004079267,,-1,1,-1,1
12.33726,0.04740218,-0.0264982,0.0302119,-0.0008405182,0.03709564,0.0003648357,,-1,1,-1,1
12.3662,0.05253534,-0.02674951,0.03094839,0.003796116,0.04235107,0.009044873,,-1,1,-1,1
12.39859,0.05892599,-0.02692349,0.03325756,0.009742714,0.04384398,0.01980079,,-1,1,-1,1
12.42201,0.06532069,-0.02623295,0.0352226,0.01414375,0.04643133,0.03285747,,-1,1,-1,1
12.45136,0.07093526,-0.02332802,0.0369067,0.01918793,0.05350959,0.05001587,,-1,1,-1,1
12.47258,0.07482186,-0.02157539,0.03818791,0.02191651,0.05875716,0.05998055,,-1,1,-1,1
12.50192,0.07863477,-0.0196969,0.0396661,0.02558174,0.06552809,0.06576667,,-1,1,-1,1
12.52408,0.08202173,-0.01720376,0.04043455,0.0281885,0.07206199,0.07033603,,-1,1,-1,1
12.54536,0.08513349,-0.01495909,0.0414352,0.03046075,0.07852426,0.07404171,,-1,1,-1,1
12.57035,0.08857888,-0.01283472,0.0431114,0.03391156,0.08291116,0.07314026,,-1,1,-1,1
12.60836,0.09322435,-0.007304495,0.04479286,0.03580464,0.08654913,0.06725558,,-1,1,-1,1
12.63144,0.09674439,-0.002789225,0.0468004,0.03354771,0.09235048,0.067975,,-1,1,-1,1
12.65364,0.09937201,-0.0002593837,0.04814405,0.03065529,0.09354955,0.06658264,,-1,1,-1,1
12.68429,0.1027198,0.001518303,0.04931058,0.02373092,0.09180385,0.05778969,,-1,1,-1,1
12.70727,0.1072124,0.005065361,0.0517413,0.02103995,0.09292683,0.04855968,,-1,1,-1,1
12.72689,0.1098446,0.007705129,0.05334868,0.02100172,0.0945394,0.04136895,,-1,1,-1,1
12.75827,0.1123777,0.008688014,0.05451417,0.01819277,0.09583783,0.03396806,,-1,1,-1,1
12.77993,0.1146617,0.008761204,0.05667856,0.0168636,0.09778216,0.02997053,,-1,1,-1,1
12.80163,0.1179837,0.01061666,0.05911049,0.01535855,0.0993019,0.02535407,,-1,1,-1,1
12.82687,0.1190045,0.01090911,0.06010519,0.01595178,0.09836984,0.02692567,,-1,1,-1,1
12.84666,0.121476,0.01088996,0.06240116,0.0150377,0.09773058,0.02633696,,-1,1,-1,1
12.87898,0.1247879,0.01030053,0.06504517,0.01263822,0.09833747,0.02789515,,-1,1,-1,1
12.90293,0.1264805,0.01002532,0.06680512,0.01268502,0.1008197,0.03197319,,-1,1,-1,1
12.92594,0.1279021,0.009377063,0.06846626,0.0134627,0.1031981,0.03661275,,-1,1,-1,1
12.94557,0.1287944,0.008041741,0.0696099,0.01231736,0.1054233,0.04180537,,-1,1,-1,1
12.96803,0.1296585,0.006051514,0.07011697,0.008942042,0.1065935,0.04646444,,-1,1,-1,1
13.00192,0.1317452,0.003031253,0.07099712,0.009388842,0.1066345,0.04677562,,-1,1,-1,1
13.02613,0.1333099,0.0007780521,0.07167736,0.01340302,0.105716,0.04265552,,-1,1,-1,1
13.0457,0.1344231,-0.001436105,0.07201008,0.01796612,0.1057641,0.03990471,,-1,1,-1,1
13.06971,0.1352037,-0.002982896,0.07164761,0.02328887,0.1067943,0.03695041,,-1,1,-1,1
13.08942,0.1363936,-0.004587237,0.07175542,0.02984382,0.1070648,0.03337286,,-1,1,-1,1
13.12229,0.1372809,-0.006418628,0.07216913,0.04183722,0.1080122,0.03055573,,-1,1,-1,1
13.14611,0.1369916,-0.007430667,0.07245217,0.0462979,0.1099506,0.03488802,,-1,1,-1,1
13.1672,0.1367832,-0.00796142,0.07261437,0.04822954,0.1106875,0.04029447,,-1,1,-1,1
13.18322,0.136677,-0.007744381,0.07296535,0.05000758,0.1102385,0.04461905,,-1,1,-1,1
13.22046,0.1365215,-0.006577911,0.07369615,0.04832575,0.1077317,0.05087517,,-1,1,-1,1
13.24797,0.1355318,-0.005037483,0.07423635,0.04685156,0.1078437,0.05774412,,-1,1,-1,1
13.27445,0.1340944,-0.00253672,0.07456098,0.04317508,0.1086003,0.06160066,,-1,1,-1,1
13.3045,0.1334642,-0.001301331,0.07468425,0.03906469,0.1078831,0.05882794,,-1,1,-1,1
13.32868,0.1328689,-0.0002817692,0.07484603,0.03527354,0.1074314,0.05427453,,-1,1,-1,1
13.3583,0.1314984,0.001544082,0.07485449,0.02996925,0.1074878,0.04721618,,-1,1,-1,1
13.38032,0.1304594,0.002432109,0.07478414,0.02656532,0.1071482,0.04222795,,-1,1,-1,1
13.3993,0.129546,0.003054386,0.0747306,0.02403913,0.1061859,0.03649452,,-1,1,-1,1
13.42925,0.1284674,0.003859472,0.07488519,0.02253831,0.1048841,0.03147809,,-1,1,-1,1
13.45189,0.127152,0.004281483,0.07504469,0.02145565,0.1040495,0.02917068,,-1,1,-1,1
13.47934,0.1249702,0.004753285,0.07513095,0.01997888,0.1018633,0.02730724,,-1,1,-1,1
13.50438,0.1235687,0.005119076,0.075234,0.02002411,0.09915978,0.02759465,,-1,1,-1,1
13.52222,0.1221922,0.005536812,0.07519997,0.02030095,0.09657508,0.02849308,,-1,1,-1,1
13.54386,0.1209516,0.005985869,0.07510175,0.02073788,0.09373695,0.02848018,,-1,1,-1,1
13.56977,0.1202989,0.005953867,0.07536995,0.02212987,0.09025058,0.02699629,,-1,1,-1,1
13.59997,0.1188413,0.005691863,0.07531103,0.02246654,0.08779287,0.02495963,,-1,1,-1,1
13.62146,0.1179233,0.005337059,0.07521982,0.02373528,0.08771473,0.02450737,,-1,1,-1,1
13.64437,0.1172763,0.005698042,0.07490593,0.02502649,0.08694157,0.02228899,,-1,1,-1,1
13.66591,0.1172282,0.005552667,0.07513429,0.02679376,0.08523762,0.01904841,,-1,1,-1,1
13.69984,0.1167483,0.004802189,0.07524148,0.02705072,0.08540231,0.01783026,,-1,1,-1,1
13.72254,0.1164815,0.004488227,0.07523184,0.0258961,0.08633941,0.01960886,,-1,1,-1,1
13.74371,0.1164555,0.0043535,0.07502961,0.02510893,0.0861381,0.0205519,,-1,1,-1,1
13.75901,0.1166302,0.003980082,0.07501502,0.02468975,0.08552548,0.02193912,,-1,1,-1,1
13.78964,0.1167573,0.003721492,0.07481783,0.02395555,0.08577073,0.02609564,,-1,1,-1,1
13.8222,0.1172419,0.003729418,0.07438298,0.0235294,0.08671108,0.03047558,,-1,1,-1,1
13.84389,0.117699,0.00349397,0.07425407,0.0247537,0.08757117,0.03267467,,-1,1,-1,1
13.86646,0.1179268,0.003403368,0.0738409,0.02552937,0.08896324,0.03524101,,-1,1,-1,1
13.88979,0.1180723,0.003428529,0.07360807,0.02665855,0.0903216,0.03778553,,-1,1,-1,1
13.91179,0.1184945,0.003313002,0.07350796,0.02812357,0.09139302,0.03969356,,-1,1,-1,1
13.93349,0.1188423,0.003293123,0.07318088,0.02851144,0.09151116,0.0407552,,-1,1,-1,1
13.96761,0.1194157,0.002941575,0.07294112,0.02874767,0.09172961,0.04153833,,-1,1,-1,1
13.98945,0.1197712,0.003070369,0.07254375,0.02828251,0.09221876,0.04108166,,-1,1,-1,1
14.01301,0.1201391,0.00305023,0.07228437,0.02835368,0.09330401,0.03993753,,-1,1,-1,1
14.03706,0.1203602,0.003085302,0.07213297,0.02849209,0.09467736,0.03877374,,-1,1,-1,1
14.05553,0.1204457,0.00295226,0.07187913,0.028152,0.09572256,0.03850537,,-1,1,-1,1
14.07676,0.1202564,0.002584259,0.07153955,0.02654459,0.0965592,0.03913391,,-1,1,-1,1
14.11578,0.1201983,0.002745415,0.07108006,0.02529998,0.09639382,0.03988259,,-1,1,-1,1
14.13413,0.1199923,0.003305881,0.07089969,0.02552952,0.09621477,0.04004554,,-1,1,-1,1
14.15585,0.1198469,0.003269173,0.07079517,0.02495452,0.09505323,0.04010933,,-1,1,-1,1
14.17844,0.1197646,0.002745569,0.07093271,0.0239282,0.09428915,0.04004223,,-1,1,-1,1
14.21214,0.1195046,0.002554216,0.07103779,0.02352842,0.09329712,0.03982201,,-1,1,-1,1
14.23398,0.1192347,0.002323395,0.07158536,0.02445538,0.09251636,0.03882005,,-1,1,-1,1
14.25682,0.1188951,0.003992222,0.07200447,0.02624125,0.09227455,0.03956084,,-1,1,-1,1
14.27858,0.1185254,0.001961104,0.0724138,0.02607821,0.0919143,0.03865032,,-1,1,-1,1
14.30093,0.1179794,0.001942659,0.07291357,0.02614858,0.09118924,0.0386744,,-1,1,-1,1
14.3336,0.1172455,0.002061407,0.07364377,0.02613309,0.09020403,0.03750027,,-1,1,-1,1
14.35709,0.1162337,0.001937281,0.07366366,0.02452302,0.09097964,0.0387297,,-1,1,-1,1
14.37895,0.1149355,0.001860357,0.07352838,0.0227809,0.09167907,0.04015028,,-1,1,-1,1
14.4014,0.1138952,0.002685016,0.07307868,0.02136755,0.09020296,0.0401124,,-1,1,-1,1
14.42264,0.113382,0.003308565,0.07297266,0.02118372,0.08780164,0.03722944,,-1,1,-1,1
14.44586,0.1129914,0.00370816,0.07320151,0.02110098,0.08431831,0.03377937,,-1,1,-1,1
14.47902,0.1117493,0.003633099,0.07288151,0.01746294,0.08194968,0.03234228,,-1,1,-1,1
14.50021,0.1117723,0.004199675,0.07289764,0.01597146,0.07873166,0.02861247,,-1,1,-1,1
14.52302,0.1122552,0.004387714,0.0732681,0.01642068,0.07637411,0.02293676,,-1,1,-1,1
14.54573,0.1122454,0.004526851,0.07376817,0.01612432,0.07592365,0.02014444,,-1,1,-1,1
14.57912,0.1107535,0.003198657,0.07394703,0.01170125,0.08122054,0.02487644,,-1,1,-1,1
14.60003,0.1099173,0.003392631,0.07337502,0.00829957,0.08390465,0.02845923,,-1,1,-1,1
14.62355,0.1096126,0.003963233,0.07287486,0.006358906,0.08450136,0.02901589,,-1,1,-1,1
14.64464,0.1095774,0.003919846,0.07331324,0.008387858,0.08425924,0.02949822,,-1,1,-1,1
14.66694,0.1087092,0.003763388,0.07301623,0.007285658,0.08604661,0.03373001,,-1,1,-1,1
14.70374,0.1087152,0.004061884,0.07274932,0.008014969,0.08575746,0.03585051,,-1,1,-1,1
14.7225,0.1087691,0.004973596,0.07300119,0.01100621,0.08561745,0.03512644,,-1,1,-1,1
14.74611,0.1080177,0.006361728,0.07350618,0.01506174,0.08850321,0.03890029,,-1,1,-1,1
14.76694,0.1063986,0.007123443,0.07402828,0.0164552,0.09301782,0.04722966,,-1,1,-1,1
14.78948,0.104517,0.008323961,0.07425301,0.01528455,0.09591445,0.05553624,,-1,1,-1,1
14.82382,0.102602,0.01113726,0.07484572,0.01048283,0.09348619,0.06309281,,-1,1,-1,1
14.84713,0.1007093,0.0134827,0.07546179,0.007447213,0.09311,0.06856801,,-1,1,-1,1
14.86904,0.09728967,0.01715815,0.07635827,0.00391316,0.09354213,0.07626128,,-1,1,-1,1
14.89126,0.09633508,0.01759312,0.07659782,0.0001369044,0.09169188,0.07538585,,-1,1,-1,1
14.91289,0.09437101,0.01869856,0.07729011,-0.005321719,0.09087285,0.07398992,,-1,1,-1,1
14.93481,0.09236144,0.01981812,0.07760829,-0.01041953,0.09075019,0.07026342,,-1,1,-1,1
14.9683,0.08770877,0.02207317,0.07770339,-0.01272902,0.09449106,0.06694099,,-1,1,-1,1
14.99053,0.08432309,0.02401607,0.07749745,-0.01283262,0.09564298,0.06310543,,-1,1,-1,1
15.01226,0.0815161,0.02541539,0.07707515,-0.01497775,0.09401774,0.05687678,,-1,1,-1,1
15.03508,0.07862702,0.02622719,0.07723165,-0.01604103,0.09187007,0.04996358,,-1,1,-1,1
15.0587,0.0751868,0.02691727,0.07699352,-0.01627072,0.09038222,0.04646936,,-1,1,-1,1
15.07937,0.07124548,0.02746904,0.07708027,-0.0156708,0.08899748,0.04397505,,-1,1,-1,1
15.11312,0.0659523,0.02870088,0.07671989,-0.01485715,0.08377594,0.04250534,,-1,1,-1,1
15.13532,0.0625699,0.03001578,0.07662752,-0.01298854,0.07862297,0.04117449,,-1,1,-1,1
15.15789,0.05823318,0.03118701,0.07732661,-0.009435611,0.07008266,0.03642618,,-1,1,-1,1
15.17926,0.0573554,0.03118894,0.07811043,-0.008053557,0.06658542,0.03321765,,-1,1,-1,1
15.2028,0.05459465,0.03123054,0.07894438,-0.007061654,0.06329069,0.02999474,,-1,1,-1,1
15.22401,0.05143135,0.03203918,0.07909478,-0.007492514,0.06243861,0.02866439,,-1,1,-1,1
15.25809,0.04725817,0.03282679,0.07943485,-0.008607054,0.06099823,0.02665566,,-1,1,-1,1
15.27976,0.04508336,0.03317952,0.0800068,-0.009241626,0.05807185,0.02368602,,-1,1,-1,1
15.30285,0.04225804,0.03347272,0.08123949,-0.009674345,0.05336353,0.01963161,,-1,1,-1,1
15.32429,0.04171637,0.03377267,0.08164926,-0.009796027,0.05167982,0.01851521,,-1,1,-1,1
15.34719,0.04064098,0.03402011,0.08208847,-0.01055322,0.04871479,0.01624718,,-1,1,-1,1
15.36836,0.03965586,0.03418392,0.08302508,-0.01112905,0.04676262,0.01451871,,-1,1,-1,1
15.39135,0.03860922,0.0338525,0.08376616,-0.01202588,0.04617909,0.01555243,,-1,1,-1,1
15.42443,0.03719175,0.03336157,0.0845226,-0.01319418,0.04574782,0.01871654,,-1,1,-1,1
15.44687,0.03636132,0.03363311,0.08465451,-0.01274565,0.04505759,0.02252491,,-1,1,-1,1
15.46838,0.03566446,0.03440815,0.08469112,-0.01140364,0.04410484,0.0267068,,-1,1,-1,1
15.49122,0.03541293,0.03543055,0.08491674,-0.009331431,0.0413205,0.02992656,,-1,1,-1,1
15.50943,0.03598064,0.03586128,0.08525546,-0.008136556,0.03715587,0.03073581,,-1,1,-1,1
15.53515,0.03667394,0.03561002,0.08605357,-0.008056358,0.03474623,0.03137803,,-1,1,-1,1
15.55785,0.03637862,0.03549686,0.08625302,-0.008122934,0.03565407,0.03630833,,-1,1,-1,1
15.57884,0.03599418,0.03576709,0.0863671,-0.008365922,0.03584486,0.04126746,,-1,1,-1,1
15.60145,0.03651866,0.03561906,0.08675092,-0.008597178,0.03208065,0.04268467,,-1,1,-1,1
15.63511,0.03774286,0.03496245,0.08788294,-0.01010789,0.02670056,0.0426616,,-1,1,-1,1
15.65718,0.03782946,0.03401403,0.08846704,-0.01227411,0.02657902,0.04572176,,-1,1,-1,1
15.6783,0.03772474,0.0329246,0.0888049,-0.01403408,0.02621543,0.0483134,,-1,1,-1,1
15.70201,0.03818121,0.03138905,0.08996518,-0.01429923,0.02264088,0.04831979,,-1,1,-1,1
15.73409,0.03909284,0.02833492,0.09225442,-0.01343599,0.01590127,0.04760862,,-1,1,-1,1
15.75611,0.03904821,0.02666117,0.09293689,-0.01350423,0.01454967,0.0488701,,-1,1,-1,1
15.77819,0.0389236,0.02505365,0.09323892,-0.01282468,0.01250479,0.05033655,,-1,1,-1,1
15.80061,0.03893751,0.02400673,0.09416947,-0.009472845,0.009339601,0.05008889,,-1,1,-1,1
15.82317,0.03888397,0.02283257,0.0950225,-0.006122757,0.005744338,0.05015453,,-1,1,-1,1
15.84402,0.03850016,0.02114529,0.09580445,-0.004154352,0.002856374,0.05108508,,-1,1,-1,1
15.86068,0.03851007,0.02044317,0.09582949,-0.004320532,0.0005507171,0.05119574,,-1,1,-1,1
15.88901,0.03805832,0.01811353,0.09668139,-0.002405234,-0.005380481,0.05152479,,-1,1,-1,1
15.91096,0.03728988,0.01705537,0.09682872,-0.001055153,-0.009062111,0.05328,,-1,1,-1,1
15.93473,0.03628584,0.01625109,0.09697159,-0.000136422,-0.01369148,0.05527113,,-1,1,-1,1
15.96953,0.03614919,0.0155865,0.09725004,0.001618421,-0.02576298,0.05116607,,-1,1,-1,1
15.9915,0.03591758,0.01443946,0.09787597,0.002943004,-0.03245145,0.04816162,,-1,1,-1,1
16.01989,0.03508161,0.01280975,0.09805706,0.00308108,-0.0362829,0.04802382,,-1,1,-1,1
16.03741,0.03378952,0.01132808,0.09784448,0.002201576,-0.04165208,0.04763435,,-1,1,-1,1
16.05706,0.0337868,0.01160459,0.09778789,0.002993071,-0.04471284,0.0447678,,-1,1,-1,1
16.08128,0.03403972,0.01146467,0.09824827,0.004871052,-0.05118901,0.03849831,,-1,1,-1,1
16.10319,0.03403961,0.0108192,0.09861128,0.005640141,-0.05613273,0.03419747,,-1,1,-1,1
16.12184,0.03327112,0.009021455,0.09922849,0.00410075,-0.05816671,0.03326658,,-1,1,-1,1
16.15984,0.03197253,0.006275044,0.09845545,-0.00356706,-0.06079143,0.03635335,,-1,1,-1,1
16.17916,0.03196246,0.005758954,0.09820073,-0.005579325,-0.06550825,0.03592817,,-1,1,-1,1
16.20051,0.03240618,0.005083414,0.09902123,-0.00421043,-0.07130942,0.03304737,,-1,1,-1,1
16.22622,0.03285316,0.003999562,0.09954552,-0.003796722,-0.07503864,0.03116113,,-1,1,-1,1
16.24415,0.03253276,0.002844489,0.09949465,-0.005369043,-0.07432112,0.03254553,,-1,1,-1,1
16.26064,0.03256929,0.002710767,0.09884359,-0.007336199,-0.07481515,0.03335215,,-1,1,-1,1
16.28917,0.03379098,0.003477336,0.09832013,-0.007425657,-0.07632139,0.02957593,,-1,1,-1,1
16.30744,0.03493853,0.003376599,0.0986356,-0.006386536,-0.07737195,0.02607844,,-1,1,-1,1
16.34519,0.03486793,0.003013848,0.0974313,-0.009088905,-0.07002527,0.03154862,,-1,1,-1,1
16.36947,0.03428015,0.002785428,0.09620033,-0.01182246,-0.0657073,0.03925145,,-1,1,-1,1
16.38488,0.03435113,0.003407375,0.09487154,-0.01391513,-0.06524786,0.04493579,,-1,1,-1,1
16.41316,0.03539927,0.003809068,0.09490515,-0.01402336,-0.0709528,0.04598419,,-1,1,-1,1
16.43701,0.0359248,0.003413976,0.09478818,-0.013802,-0.07325849,0.04824013,,-1,1,-1,1
16.45532,0.03566501,0.003138249,0.09388645,-0.0159943,-0.07308009,0.05301896,,-1,1,-1,1
16.4782,0.03596133,0.003162717,0.09202833,-0.0192181,-0.07358471,0.05541002,,-1,1,-1,1
16.50067,0.03699591,0.003433706,0.09091304,-0.0195634,-0.07709479,0.05211031,,-1,1,-1,1
16.53427,0.03880094,0.004032059,0.08961502,-0.01559123,-0.08047214,0.04423118,,-1,1,-1,1
16.55644,0.03939674,0.004651924,0.08840978,-0.01304616,-0.07882264,0.03982011,,-1,1,-1,1
16.58281,0.04080841,0.005518707,0.08692002,-0.01026,-0.07688451,0.0348222,,-1,1,-1,1
16.60006,0.0410899,0.00569802,0.08632952,-0.009177909,-0.07566509,0.03244318,,-1,1,-1,1
16.62242,0.04179401,0.005899217,0.08547227,-0.00928618,-0.07444265,0.03068621,,-1,1,-1,1
16.643,0.04195431,0.006209367,0.08452184,-0.01109617,-0.07227463,0.03271759,,-1,1,-1,1
16.67511,0.04187365,0.007133829,0.08261594,-0.0158672,-0.0709357,0.03932463,,-1,1,-1,1
16.70081,0.04279268,0.008741151,0.08107126,-0.02029011,-0.07353115,0.04436124,,-1,1,-1,1
16.72758,0.04386274,0.009059012,0.08089358,-0.02284503,-0.07575065,0.0442274,,-1,1,-1,1
16.74419,0.04485946,0.008806745,0.08001934,-0.02554123,-0.07471302,0.04437543,,-1,1,-1,1
16.76001,0.04541219,0.008367148,0.0788302,-0.02805995,-0.07129037,0.04540606,,-1,1,-1,1
16.78927,0.04545892,0.007855482,0.07644145,-0.02802452,-0.06269705,0.0480289,,-1,1,-1,1
16.81104,0.04504262,0.007845951,0.07416871,-0.02567001,-0.05549353,0.05113801,,-1,1,-1,1
16.83368,0.04478901,0.007563608,0.07212965,-0.02298239,-0.05164942,0.05334558,,-1,1,-1,1
16.85624,0.04473356,0.007064288,0.07051381,-0.02022677,-0.05131906,0.05380251,,-1,1,-1,1
16.89359,0.04584879,0.006221931,0.06859554,-0.01573466,-0.05433792,0.05083024,,-1,1,-1,1
16.91707,0.04647101,0.005040195,0.06779145,-0.009805787,-0.05430135,0.04757188,,-1,1,-1,1
16.93777,0.0464465,0.004347615,0.06772829,-0.007946312,-0.05331573,0.04666359,,-1,1,-1,1
16.95745,0.04633918,0.003656653,0.06667445,-0.006794501,-0.05126762,0.04616525,,-1,1,-1,1
16.97919,0.04664715,0.003333484,0.06637481,-0.005089194,-0.0505031,0.04499853,,-1,1,-1,1
17.00082,0.04709129,0.003532943,0.06679743,-0.001804067,-0.05074534,0.04170138,,-1,1,-1,1
17.02345,0.04761146,0.003490232,0.06785934,0.000534676,-0.0497188,0.03848501,,-1,1,-1,1
17.05746,0.04749313,0.002887164,0.06857802,-0.001244847,-0.04426351,0.03937696,,-1,1,-1,1
17.08188,0.04722221,0.002999972,0.06815131,-0.004078548,-0.04142359,0.04182018,,-1,1,-1,1
17.10016,0.04724218,0.003038921,0.06838962,-0.005516149,-0.04005393,0.04357742,,-1,1,-1,1
17.12245,0.04698359,0.002876734,0.069089,-0.005936921,-0.03935483,0.04544556,,-1,1,-1,1
17.14558,0.04684031,0.0028667,0.0695017,-0.006901452,-0.03973329,0.0471708,,-1,1,-1,1
17.16909,0.04675471,0.002510365,0.07009913,-0.007154023,-0.03992897,0.04848725,,-1,1,-1,1
17.19021,0.04662063,0.002600504,0.07062329,-0.006175157,-0.04007438,0.0492501,,-1,1,-1,1
17.2107,0.04638961,0.002710541,0.07144509,-0.004581468,-0.03915423,0.04938291,,-1,1,-1,1
17.24722,0.04582639,0.002595234,0.07230328,-0.002613427,-0.03777975,0.04931625,,-1,1,-1,1
17.26755,0.04495858,0.002201695,0.07309496,-0.002398234,-0.03645569,0.04930855,,-1,1,-1,1
17.28898,0.04448311,0.001761851,0.07383186,-0.002641439,-0.03666517,0.048318,,-1,1,-1,1
17.31443,0.04407074,0.001141054,0.07461978,-0.002584198,-0.0373109,0.04633384,,-1,1,-1,1
17.33491,0.04355226,0.001110882,0.07548663,-0.002225399,-0.03755832,0.04372647,,-1,1,-1,1
17.35539,0.04322037,0.0007973945,0.07631475,-0.001153793,-0.03747177,0.04129649,,-1,1,-1,1
17.37798,0.04270628,0.000259888,0.07704575,-0.0008520298,-0.03759354,0.03862813,,-1,1,-1,1
17.40114,0.04242599,-0.0007448923,0.0778953,-0.001032541,-0.03809446,0.03589838,,-1,1,-1,1
17.4222,0.04208491,-0.001324436,0.07862096,-0.0006849263,-0.03867674,0.03346677,,-1,1,-1,1
17.44205,0.04209849,-0.001765295,0.07917432,-0.0001936592,-0.03911287,0.03135953,,-1,1,-1,1
17.48002,0.04199637,-0.003199599,0.08074964,0.0008676117,-0.03917575,0.02923425,,-1,1,-1,1
17.50385,0.04211368,-0.004238135,0.0816277,0.001070763,-0.03971502,0.02804594,,-1,1,-1,1
17.52273,0.04265894,-0.00518379,0.08254121,0.001199926,-0.04091531,0.02646899,,-1,1,-1,1
17.54503,0.04328952,-0.005808346,0.08333422,0.001407698,-0.04030716,0.02591879,,-1,1,-1,1
17.56156,0.04361571,-0.006510883,0.08392742,0.00167329,-0.03878152,0.02667478,,-1,1,-1,1
17.59202,0.04386983,-0.006945905,0.08427623,0.001610101,-0.03656322,0.02947607,,-1,1,-1,1
17.61068,0.04462938,-0.007235845,0.08476658,0.001473101,-0.03626129,0.03037862,,-1,1,-1,1
17.62785,0.04553873,-0.007770428,0.08534612,0.001606092,-0.03672451,0.03031323,,-1,1,-1,1
17.66267,0.04695262,-0.008113783,0.08601248,0.001281467,-0.03681594,0.03031355,,-1,1,-1,1
17.68978,0.04854345,-0.009066028,0.08684942,0.0009847889,-0.03467301,0.03162283,,-1,1,-1,1
17.71445,0.0497742,-0.009642626,0.08715234,0.0005904511,-0.03343755,0.03230474,,-1,1,-1,1
17.73313,0.05117223,-0.01033692,0.08759941,0.0006300248,-0.03261745,0.03263808,,-1,1,-1,1
17.75082,0.05266045,-0.01098761,0.08799833,0.0007516537,-0.03152326,0.03327818,,-1,1,-1,1
17.77798,0.053804,-0.01161622,0.08811315,0.0003150832,-0.02917227,0.0352168,,-1,1,-1,1
17.79538,0.0550896,-0.01232585,0.08818334,-0.0001435559,-0.02745166,0.03734966,,-1,1,-1,1
17.82338,0.05614166,-0.01292118,0.08808963,-0.0006187018,-0.02632686,0.04025552,,-1,1,-1,1
17.8503,0.05735176,-0.01302777,0.08812822,-0.0005824324,-0.0263654,0.04253754,,-1,1,-1,1
17.8816,0.05966089,-0.01315567,0.0882785,2.983771E-05,-0.02758521,0.04352887,,-1,1,-1,1
17.89973,0.06096663,-0.01337766,0.08836628,0.0002582669,-0.02715221,0.04399144,,-1,1,-1,1
17.92419,0.06226166,-0.01386231,0.08835746,-4.389696E-05,-0.02590984,0.0447365,,-1,1,-1,1
17.94475,0.06318639,-0.01387061,0.08808073,4.279613E-05,-0.02327952,0.04624249,,-1,1,-1,1
17.96738,0.06411877,-0.01335979,0.08803923,0.0009619407,-0.0216608,0.04719288,,-1,1,-1,1
17.98926,0.06504337,-0.01266077,0.08804619,0.001789853,-0.02050349,0.04740572,,-1,1,-1,1
18.01435,0.06587921,-0.0125667,0.08858123,0.002240667,-0.01984125,0.04828276,,-1,1,-1,1
18.03254,0.06656634,-0.0122083,0.08905862,0.001813872,-0.01954505,0.04897904,,-1,1,-1,1
18.04874,0.06675696,-0.01218713,0.08943615,0.001248553,-0.0195255,0.04991616,,-1,1,-1,1
18.08679,0.06710143,-0.0115773,0.08996784,-0.0008692909,-0.01822999,0.05338272,,-1,1,-1,1
18.13379,0.06657468,-0.01110081,0.09112471,-0.005185932,-0.0177404,0.05908085,,-1,1,-1,1
18.1499,0.06625541,-0.01087209,0.09150147,-0.006151941,-0.01858646,0.06003575,,-1,1,-1,1
18.1704,0.06608277,-0.01050031,0.09160562,-0.006288022,-0.02021107,0.05894056,,-1,1,-1,1
18.19955,0.06562697,-0.009910407,0.09226216,-0.005977169,-0.02229297,0.05604873,,-1,1,-1,1
18.21876,0.0652577,-0.009787459,0.09253902,-0.005415587,-0.02251568,0.05463926,,-1,1,-1,1
18.2455,0.06381071,-0.009637495,0.09308521,-0.004990788,-0.02266344,0.05320299,,-1,1,-1,1
18.26624,0.06248891,-0.009625264,0.09320258,-0.005754739,-0.02321032,0.05257772,,-1,1,-1,1
18.29092,0.06139171,-0.009332213,0.09315302,-0.006440395,-0.02539447,0.05096652,,-1,1,-1,1
18.31076,0.0604535,-0.009627748,0.09370603,-0.005769873,-0.02790853,0.04879391,,-1,1,-1,1
18.32657,0.05976642,-0.009744454,0.09386873,-0.005097525,-0.02894533,0.04785096,,-1,1,-1,1
18.35882,0.05765738,-0.009550066,0.09391189,-0.004391674,-0.03113821,0.04620414,,-1,1,-1,1
18.37761,0.05659345,-0.008993147,0.09370598,-0.003726713,-0.03348127,0.04363739,,-1,1,-1,1
18.41147,0.05533536,-0.008349425,0.09366066,-0.002601307,-0.0375118,0.03735916,,-1,1,-1,1
18.4372,0.05419836,-0.008530134,0.09374779,-0.002215955,-0.0385935,0.03423871,,-1,1,-1,1
18.45552,0.05309964,-0.008298574,0.09338863,-0.002632409,-0.03911057,0.03217313,,-1,1,-1,1
18.47774,0.05233828,-0.007862128,0.09314789,-0.003029011,-0.04077774,0.02958283,,-1,1,-1,1
18.50238,0.05193662,-0.007592365,0.09328376,-0.003117084,-0.04341349,0.02634189,,-1,1,-1,1
18.52123,0.05151651,-0.007706983,0.09335692,-0.003831179,-0.04516286,0.02393086,,-1,1,-1,1
18.54565,0.05141983,-0.007725969,0.09339967,-0.004360095,-0.04545644,0.02248975,,-1,1,-1,1
18.56944,0.05122082,-0.007605503,0.09332293,-0.004452134,-0.04508668,0.02180342,,-1,1,-1,1
18.58509,0.05116419,-0.007060974,0.09308642,-0.004471527,-0.0444375,0.02204469,,-1,1,-1,1
18.61003,0.05130735,-0.006654063,0.09297831,-0.004045048,-0.04385063,0.02331004,,-1,1,-1,1
18.64677,0.05134758,-0.00653739,0.09303638,-0.004811675,-0.04130551,0.02792533,,-1,1,-1,1
18.66213,0.05122048,-0.006356226,0.09267452,-0.005966544,-0.03938785,0.03172959,,-1,1,-1,1
18.68825,0.05125148,-0.005520745,0.09200646,-0.006822333,-0.03871498,0.03627912,,-1,1,-1,1
18.70774,0.051819,-0.004928293,0.0919183,-0.006555524,-0.03930989,0.03799593,,-1,1,-1,1
18.74055,0.0529041,-0.005063207,0.09233987,-0.005596479,-0.0396961,0.0377145,,-1,1,-1,1
18.75554,0.05330358,-0.005316794,0.09225579,-0.00576332,-0.03762925,0.03901587,,-1,1,-1,1
18.7699,0.05379225,-0.005402302,0.0920616,-0.006267,-0.0354304,0.04097866,,-1,1,-1,1
18.80228,0.05403524,-0.005266188,0.09096286,-0.006582705,-0.03218308,0.04255388,,-1,1,-1,1
18.82117,0.05449911,-0.005065063,0.09066451,-0.005746221,-0.03098384,0.04292767,,-1,1,-1,1
18.84334,0.05517764,-0.005033254,0.09055851,-0.004382126,-0.0304912,0.04286471,,-1,1,-1,1
18.86981,0.0555676,-0.005332186,0.09029783,-0.00467217,-0.02920488,0.04348189,,-1,1,-1,1
18.90006,0.05589753,-0.005520257,0.08949286,-0.005164314,-0.02754223,0.04586601,,-1,1,-1,1
18.91528,0.05619222,-0.005335565,0.08892188,-0.004831694,-0.02743626,0.04693739,,-1,1,-1,1
18.94692,0.05665441,-0.0052294,0.08910774,-0.003741158,-0.02898213,0.04669269,,-1,1,-1,1
18.96579,0.05697574,-0.005232023,0.08893754,-0.003791234,-0.02887955,0.04676878,,-1,1,-1,1
18.98883,0.05702484,-0.005059282,0.08839336,-0.005353643,-0.02811816,0.04749774,,-1,1,-1,1
19.0066,0.05700447,-0.004942464,0.08771914,-0.006933549,-0.02714369,0.04827527,,-1,1,-1,1
19.03223,0.05725584,-0.004635592,0.08727957,-0.007772122,-0.02760592,0.04674911,,-1,1,-1,1
19.05485,0.05782533,-0.004717867,0.08731236,-0.007788284,-0.02862203,0.04350246,,-1,1,-1,1
19.08068,0.05840607,-0.004540093,0.08698854,-0.008632476,-0.02835187,0.04038831,,-1,1,-1,1
19.11078,0.05870672,-0.004772102,0.08654332,-0.01000991,-0.02442068,0.03865282,,-1,1,-1,1
19.12578,0.05880883,-0.00500172,0.08600795,-0.01092907,-0.02195463,0.03818727,,-1,1,-1,1
19.15767,0.05845446,-0.004792701,0.08500482,-0.01247845,-0.02015194,0.03928202,,-1,1,-1,1
19.17677,0.05840382,-0.004178483,0.08414406,-0.0131814,-0.02040851,0.04016867,,-1,1,-1,1
19.19895,0.05896573,-0.00351081,0.08325522,-0.01443957,-0.02210066,0.03960915,,-1,1,-1,1
19.2252,0.05960111,-0.003733413,0.08281525,-0.015311,-0.02271175,0.03817854,,-1,1,-1,1
19.24079,0.05979299,-0.00410613,0.08203746,-0.01618819,-0.0216316,0.03797887,,-1,1,-1,1
19.26689,0.05953444,-0.003935751,0.0803262,-0.01675299,-0.01973572,0.03997846,,-1,1,-1,1
19.32361,0.06046554,-0.002450438,0.07810338,-0.0163303,-0.01956427,0.03844666,,-1,1,-1,1
19.34067,0.06075844,-0.002616387,0.07670937,-0.01792263,-0.01647994,0.03810246,,-1,1,-1,1
19.35918,0.06063357,-0.00303791,0.07594684,-0.01930302,-0.0150547,0.03889041,,-1,1,-1,1
19.37817,0.06063453,-0.003318721,0.07488513,-0.02017872,-0.01475188,0.03938305,,-1,1,-1,1
19.39922,0.06127011,-0.003221812,0.07408969,-0.01968494,-0.01704115,0.03809891,,-1,1,-1,1
19.42205,0.06230763,-0.008208939,0.07381225,-0.01922816,-0.02002916,0.03423694,,-1,1,-1,1
19.45472,0.06314833,-0.00399122,0.07243499,-0.01821185,-0.01816899,0.03424194,,-1,1,-1,1
19.47903,0.06265806,-0.005158562,0.07140421,-0.01926175,-0.01239035,0.03965318,,-1,1,-1,1
19.49798,0.06237776,-0.005358806,0.0702226,-0.01896473,-0.009757787,0.04324889,,-1,1,-1,1
19.52122,0.0630016,-0.004726363,0.06926135,-0.01788376,-0.01123938,0.04293368,,-1,1,-1,1
19.54293,0.06386354,-0.004266333,0.06886487,-0.01592238,-0.01333183,0.04118991,,-1,1,-1,1
19.56828,0.0643831,-0.00437066,0.06855149,-0.01589908,-0.01267397,0.04078332,,-1,1,-1,1
19.58888,0.06506456,-0.004445588,0.06798529,-0.01704723,-0.01024938,0.0404587,,-1,1,-1,1
19.634,0.06625126,-0.005082302,0.0664162,-0.01803548,-0.004624635,0.03767004,,-1,1,-1,1
19.65142,0.06637097,-0.005055952,0.0656344,-0.01776419,-0.001557052,0.03872535,,-1,1,-1,1
19.67787,0.06627345,-0.004740587,0.06439845,-0.01686601,-0.0003781021,0.04159608,,-1,1,-1,1
19.69901,0.06657071,-0.004515986,0.06379344,-0.01696393,-0.0009409785,0.04287519,,-1,1,-1,1
19.72365,0.06709696,-0.004479945,0.06359071,-0.01659668,-0.002357811,0.04381403,,-1,1,-1,1
19.74351,0.06760246,-0.004157719,0.06321258,-0.01647037,-0.002612531,0.04435167,,-1,1,-1,1
19.76618,0.06781433,-0.004365467,0.06275144,-0.01673985,-0.001144499,0.04539724,,-1,1,-1,1
19.79126,0.06734446,-0.004419005,0.06238002,-0.01718383,0.00164789,0.04860738,,-1,1,-1,1
19.81137,0.06684585,-0.004160033,0.06167067,-0.01701612,0.002826124,0.05130494,,-1,1,-1,1
19.84815,0.06676572,-0.003337777,0.06148885,-0.01642291,0.0001498163,0.05129429,,-1,1,-1,1
19.86669,0.0667185,-0.003110981,0.06182459,-0.01671317,-0.0008456707,0.05076405,,-1,1,-1,1
19.88876,0.06642772,-0.003149444,0.06213861,-0.01746719,-0.0009005964,0.04989592,,-1,1,-1,1
19.91053,0.06631755,-0.003299441,0.06218953,-0.01878801,-0.001574427,0.04835488,,-1,1,-1,1
19.93733,0.0661501,-0.003389917,0.06235663,-0.01901411,-0.002006024,0.04553358,,-1,1,-1,1
19.95556,0.06596056,-0.003357697,0.06264553,-0.01864815,-0.002186984,0.04381071,,-1,1,-1,1
19.97728,0.06559101,-0.003476063,0.06293675,-0.01816087,-0.002372473,0.04195321,,-1,1,-1,1
19.99944,0.06534944,-0.003665393,0.06325608,-0.01827385,-0.003123373,0.0404072,,-1,1,-1,1
20.03313,0.06483883,-0.004080344,0.06390179,-0.01849729,-0.004952401,0.03950828,,-1,1,-1,1
20.04786,0.06454545,-0.004364814,0.06441633,-0.01821204,-0.00599581,0.03902609,,-1,1,-1,1
20.0811,0.06458913,-0.004801608,0.06530189,-0.0166547,-0.008587599,0.0383772,,-1,1,-1,1
20.09962,0.06450441,-0.005170221,0.06666256,-0.01544537,-0.0100683,0.03759038,,-1,1,-1,1
20.12135,0.06416307,-0.005222521,0.06761965,-0.01532682,-0.009594917,0.0378371,,-1,1,-1,1
20.14669,0.06385356,-0.005583179,0.06795409,-0.01601625,-0.008600354,0.03887329,,-1,1,-1,1
20.16562,0.0634505,-0.006279095,0.06871048,-0.01626291,-0.009419173,0.0394903,,-1,1,-1,1
20.18936,0.06300133,-0.006973569,0.06948597,-0.01634939,-0.01090676,0.04049049,,-1,1,-1,1
20.22523,0.06251682,-0.007209977,0.07039407,-0.01536522,-0.01265705,0.04214497,,-1,1,-1,1
20.24398,0.06252463,-0.007226296,0.07111221,-0.0142792,-0.01422226,0.04117479,,-1,1,-1,1
20.26569,0.06247764,-0.007840576,0.0720374,-0.01318248,-0.01499584,0.03981438,,-1,1,-1,1
20.29341,0.06239991,-0.008396082,0.07264259,-0.01277924,-0.01464283,0.03855875,,-1,1,-1,1
20.31073,0.06214767,-0.008908711,0.07319193,-0.01242455,-0.01362908,0.0381976,,-1,1,-1,1
20.33271,0.06173909,-0.009593759,0.07349043,-0.01225796,-0.01260933,0.0389406,,-1,1,-1,1
20.35782,0.06144651,-0.01005017,0.07364118,-0.01209276,-0.01279435,0.03947565,,-1,1,-1,1
20.37807,0.06129153,-0.01015727,0.07390573,-0.01168243,-0.01410618,0.03984852,,-1,1,-1,1
20.41038,0.06080638,-0.01076167,0.0738877,-0.0123908,-0.01464635,0.04183307,,-1,1,-1,1
20.43579,0.06056143,-0.01137817,0.07402962,-0.01170916,-0.01512033,0.04252943,,-1,1,-1,1
20.45066,0.0604122,-0.01169101,0.07418726,-0.01058775,-0.01629531,0.04222059,,-1,1,-1,1
20.47882,0.06049785,-0.01188746,0.07443775,-0.009269313,-0.01732796,0.04041781,,-1,1,-1,1
20.50266,0.06073363,-0.01207078,0.07444301,-0.008743137,-0.0175747,0.03830484,,-1,1,-1,1
20.5167,0.06074937,-0.01231106,0.07457327,-0.00859834,-0.01716113,0.03666713,,-1,1,-1,1
20.54347,0.06066762,-0.01274304,0.0746941,-0.008477706,-0.01604161,0.03609733,,-1,1,-1,1
20.56907,0.0606558,-0.01293515,0.07466895,-0.008458268,-0.0162212,0.03546483,,-1,1,-1,1
20.58882,0.06085444,-0.01294694,0.07483064,-0.008724283,-0.01721403,0.03517727,,-1,1,-1,1
20.60423,0.06091578,-0.01319325,0.07498129,-0.009286149,-0.01708779,0.03568498,,-1,1,-1,1
20.64995,0.06106623,-0.01316335,0.07487644,-0.01004144,-0.0163416,0.03795582,,-1,1,-1,1
20.66962,0.06135847,-0.01322419,0.07494107,-0.01023232,-0.01661316,0.03856599,,-1,1,-1,1
20.68835,0.06166072,-0.01358922,0.07515875,-0.01029009,-0.01637015,0.03948765,,-1,1,-1,1
20.71007,0.06190007,-0.0138838,0.07548486,-0.009874349,-0.01604399,0.03989854,,-1,1,-1,1
20.73436,0.06203584,-0.01390411,0.07558694,-0.009387065,-0.01557672,0.03973343,,-1,1,-1,1
20.75578,0.06209625,-0.01397723,0.07573363,-0.009326638,-0.01460767,0.04033485,,-1,1,-1,1
20.77694,0.06206844,-0.01406609,0.07568282,-0.008760422,-0.01377338,0.04130555,,-1,1,-1,1
20.80324,0.06209009,-0.01410589,0.07601665,-0.008227866,-0.01366913,0.04223629,,-1,1,-1,1
20.83326,0.06207944,-0.01411896,0.07661917,-0.007744448,-0.01389906,0.04358283,,-1,1,-1,1
20.84806,0.0620001,-0.0137966,0.07678212,-0.007479863,-0.0143345,0.04399417,,-1,1,-1,1
20.87823,0.06215856,-0.01390362,0.07738608,-0.007431317,-0.01536393,0.04350353,,-1,1,-1,1
20.89318,0.06218348,-0.01377283,0.07778757,-0.007765282,-0.01550463,0.04320655,,-1,1,-1,1
20.92181,0.06207668,-0.01363537,0.07803936,-0.007867815,-0.01531124,0.04264369,,-1,1,-1,1
20.95616,0.06191693,-0.01332473,0.07852441,-0.008054111,-0.01588821,0.04165091,,-1,1,-1,1
20.97757,0.06177901,-0.01307652,0.07941996,-0.00849759,-0.0169124,0.04105431,,-1,1,-1,1
20.99264,0.06153902,-0.01309843,0.08004794,-0.009303225,-0.01737708,0.04080097,,-1,1,-1,1
21.02331,0.06109332,-0.01358963,0.08049444,-0.0108746,-0.01764715,0.04221929,,-1,1,-1,1
21.0444,0.06067809,-0.01359427,0.08063764,-0.0112928,-0.01829299,0.04301714,,-1,1,-1,1
21.067,0.06053358,-0.01299139,0.08106868,-0.01061837,-0.0204699,0.04239894,,-1,1,-1,1
21.09381,0.0604916,-0.01263263,0.08169949,-0.009782401,-0.02206558,0.04063454,,-1,1,-1,1
21.111,0.06026142,-0.012682,0.08209546,-0.009987698,-0.02255312,0.03959238,,-1,1,-1,1
21.13248,0.06003623,-0.012832,0.08242949,-0.01051485,-0.02253124,0.03885036,,-1,1,-1,1
21.15753,0.05965062,-0.01295566,0.08261369,-0.01097627,-0.02256951,0.03848672,,-1,1,-1,1
21.18869,0.0593178,-0.01280349,0.08278678,-0.01118793,-0.02426881,0.03777257,,-1,1,-1,1
21.21235,0.05933986,-0.01272205,0.0831511,-0.01114577,-0.02577782,0.03654228,,-1,1,-1,1
21.23277,0.05942156,-0.0129393,0.08353283,-0.01119711,-0.02680346,0.03552567,,-1,1,-1,1
21.2549,0.05937665,-0.01320948,0.08371767,-0.01118216,-0.02629882,0.03508897,,-1,1,-1,1
21.28173,0.0594222,-0.01317034,0.08363615,-0.01056601,-0.02630374,0.03474706,,-1,1,-1,1
21.3003,0.05955975,-0.01308881,0.08378362,-0.009586885,-0.02632481,0.03420415,,-1,1,-1,1
21.31549,0.05973023,-0.01324265,0.08403633,-0.009083262,-0.02640888,0.03432747,,-1,1,-1,1
21.36106,0.05978018,-0.01356252,0.08430681,-0.009847862,-0.02525985,0.03622777,,-1,1,-1,1
21.37779,0.05992889,-0.01358917,0.08459298,-0.009759135,-0.02531454,0.03736469,,-1,1,-1,1
21.39382,0.06017219,-0.01372695,0.08475149,-0.009609795,-0.02553245,0.03820723,,-1,1,-1,1
21.42667,0.06046648,-0.01367997,0.08498328,-0.009347706,-0.02550638,0.03881994,,-1,1,-1,1
21.45046,0.06084691,-0.01365225,0.08499309,-0.009704366,-0.02495411,0.03918634,,-1,1,-1,1
21.46562,0.06105496,-0.01377491,0.0849034,-0.01001858,-0.02374637,0.03958559,,-1,1,-1,1
21.49102,0.06135956,-0.01405144,0.0848349,-0.009547594,-0.02294469,0.03976741,,-1,1,-1,1
21.52276,0.06154753,-0.01412399,0.08487645,-0.009138047,-0.02278697,0.04005316,,-1,1,-1,1
21.53746,0.06175856,-0.01430793,0.08494122,-0.009064099,-0.02240387,0.04103225,,-1,1,-1,1
21.56648,0.06202599,-0.01460347,0.08493164,-0.00931734,-0.0228467,0.04151731,,-1,1,-1,1
21.5911,0.06222473,-0.01500208,0.08487675,-0.009440504,-0.02246651,0.04217189,,-1,1,-1,1
21.60993,0.0620578,-0.01510544,0.08449523,-0.00933186,-0.02146801,0.04355882,,-1,1,-1,1
21.6376,0.06195615,-0.01483177,0.08417013,-0.008435512,-0.02119818,0.04438332,,-1,1,-1,1
21.65513,0.06200584,-0.01471907,0.08407106,-0.007642949,-0.02212691,0.04402983,,-1,1,-1,1
21.67692,0.06206329,-0.01466392,0.08411335,-0.007627094,-0.02309996,0.04312574,,-1,1,-1,1
21.6996,0.06209965,-0.01456277,0.08395098,-0.008016992,-0.02361849,0.04225042,,-1,1,-1,1
21.71717,0.06210426,-0.01451694,0.08396937,-0.008593407,-0.02359831,0.0416172,,-1,1,-1,1
21.75579,0.06174705,-0.01454956,0.08346999,-0.01002584,-0.0230523,0.04089494,,-1,1,-1,1
21.77769,0.06170167,-0.01427184,0.08335103,-0.01021247,-0.0238497,0.04012063,,-1,1,-1,1
21.79697,0.06175501,-0.01414996,0.08331977,-0.01056278,-0.02462816,0.03891741,,-1,1,-1,1
21.82131,0.0617719,-0.01397515,0.08337289,-0.01097952,-0.02449113,0.03812686,,-1,1,-1,1
21.84401,0.06154946,-0.01388099,0.08324534,-0.0115559,-0.02368408,0.03798436,,-1,1,-1,1
21.86899,0.06138608,-0.01384863,0.08316187,-0.01181437,-0.02340418,0.03838889,,-1,1,-1,1
21.8909,0.06120412,-0.01358671,0.08292443,-0.01192587,-0.02395999,0.03891384,,-1,1,-1,1
21.91306,0.06118931,-0.01347301,0.082888,-0.01134641,-0.02474165,0.03905049,,-1,1,-1,1
21.93013,0.06111503,-0.01324878,0.08306242,-0.01115694,-0.02499032,0.03904922,,-1,1,-1,1
21.96734,0.06095376,-0.01318962,0.08287939,-0.01189092,-0.02377704,0.03921717,,-1,1,-1,1
21.99679,0.06068565,-0.01321949,0.08270864,-0.01197467,-0.0235593,0.04002878,,-1,1,-1,1
22.01102,0.06036957,-0.01325816,0.08250775,-0.01197605,-0.02397352,0.04043366,,-1,1,-1,1
22.03235,0.06043775,-0.01335077,0.08271083,-0.01164753,-0.02503988,0.04071553,,-1,1,-1,1
22.05494,0.06017546,-0.01343135,0.08266073,-0.01176138,-0.025251,0.04091533,,-1,1,-1,1
22.08004,0.06005396,-0.01361236,0.08233604,-0.01213578,-0.02562287,0.04064281,,-1,1,-1,1
22.09968,0.05988384,-0.01400981,0.08228208,-0.01191557,-0.02600411,0.04019666,,-1,1,-1,1
22.11626,0.05983122,-0.01432429,0.08215015,-0.01173349,-0.02689138,0.03940126,,-1,1,-1,1
22.14968,0.05984355,-0.01457655,0.08194964,-0.01177794,-0.02734658,0.03827433,,-1,1,-1,1
22.16818,0.05993491,-0.01489304,0.08186442,-0.01169275,-0.02688053,0.03706102,,-1,1,-1,1
22.20374,0.06005147,-0.01545629,0.08166282,-0.01128281,-0.02657413,0.03567509,,-1,1,-1,1
22.22471,0.06014025,-0.01587402,0.08149964,-0.01084351,-0.02668747,0.03463079,,-1,1,-1,1
22.24446,0.06028974,-0.01605673,0.08131755,-0.01106509,-0.02686828,0.03506699,,-1,1,-1,1
22.26547,0.06027333,-0.01608292,0.08109537,-0.01193851,-0.0261063,0.03617332,,-1,1,-1,1
22.29492,0.06028994,-0.01630062,0.08059077,-0.01236848,-0.02594006,0.03728147,,-1,1,-1,1
22.31136,0.06057757,-0.01651874,0.08040512,-0.01190191,-0.02636304,0.03737894,,-1,1,-1,1
22.34422,0.06111884,-0.01674835,0.08039851,-0.01054663,-0.02626759,0.03704659,,-1,1,-1,1
22.36336,0.0614477,-0.0167635,0.08015895,-0.0101122,-0.02561331,0.0371011,,-1,1,-1,1
22.38789,0.06144598,-0.01657469,0.07980411,-0.0101171,-0.02365434,0.03810277,,-1,1,-1,1
22.43171,0.06128319,-0.01635168,0.07940718,-0.0109609,-0.02270153,0.04192708,,-1,1,-1,1
22.44578,0.06131651,-0.01603876,0.07923102,-0.01153015,-0.02345589,0.04337708,,-1,1,-1,1
22.4675,0.06143907,-0.01594944,0.07931188,-0.0119669,-0.02459368,0.04379608,,-1,1,-1,1
22.48917,0.06169458,-0.01572272,0.07922914,-0.01268007,-0.02522862,0.04395895,,-1,1,-1,1
22.51342,0.06174353,-0.01554874,0.07912632,-0.01312707,-0.02470657,0.04400874,,-1,1,-1,1
22.54358,0.06179118,-0.01582462,0.07878254,-0.01370465,-0.02350846,0.0434953,,-1,1,-1,1
22.56822,0.06172219,-0.01577885,0.07856026,-0.01351395,-0.02331629,0.04253472,,-1,1,-1,1
22.58878,0.06169444,-0.01587463,0.07848817,-0.0128281,-0.02350098,0.04154182,,-1,1,-1,1
22.60988,0.06166653,-0.01592059,0.07843464,-0.01270334,-0.02344054,0.04103305,,-1,1,-1,1
22.63186,0.06158849,-0.01590445,0.07853501,-0.01251093,-0.02410004,0.04014354,,-1,1,-1,1
22.65764,0.0616206,-0.01610468,0.07874569,-0.01235494,-0.02431059,0.03970729,,-1,1,-1,1
22.69203,0.06137179,-0.01606961,0.07880022,-0.01239904,-0.02432349,0.03984797,,-1,1,-1,1
22.71371,0.06142788,-0.01608525,0.07912972,-0.01230217,-0.02478418,0.03947132,,-1,1,-1,1
22.72851,0.06131177,-0.0162565,0.07933893,-0.01222253,-0.02483785,0.03935461,,-1,1,-1,1
22.75649,0.06109902,-0.01658178,0.07963473,-0.01271876,-0.02475956,0.03937989,,-1,1,-1,1
22.77165,0.0610391,-0.01668366,0.07970583,-0.01305188,-0.02482486,0.03913796,,-1,1,-1,1
22.81278,0.06095207,-0.01696045,0.07988123,-0.01244093,-0.02506918,0.03900668,,-1,1,-1,1
22.82884,0.06082908,-0.01728158,0.08007737,-0.01201411,-0.02488154,0.03863269,,-1,1,-1,1
22.85847,0.06060825,-0.01752113,0.0801061,-0.01125395,-0.02450889,0.03914494,,-1,1,-1,1
22.87223,0.06042898,-0.01780908,0.0802248,-0.01085228,-0.02445692,0.03993648,,-1,1,-1,1
22.90089,0.06006693,-0.01790509,0.08039223,-0.01053853,-0.02483422,0.04110194,,-1,1,-1,1
22.92092,0.05986587,-0.01806223,0.08052464,-0.01013236,-0.02555981,0.04187217,,-1,1,-1,1
22.94303,0.05976003,-0.01806817,0.08081118,-0.00983505,-0.02623913,0.04206328,,-1,1,-1,1
22.96545,0.05984273,-0.01831833,0.08113416,-0.009513102,-0.02700961,0.04139375,,-1,1,-1,1
22.98747,0.05976915,-0.01852714,0.08146428,-0.009283467,-0.02691251,0.04011571,,-1,1,-1,1
23.01019,0.05965734,-0.01858757,0.08174134,-0.008920038,-0.02665824,0.03891836,,-1,1,-1,1
23.02569,0.05963997,-0.01862522,0.08184244,-0.008793132,-0.02658218,0.03819937,,-1,1,-1,1
23.07018,0.05950196,-0.01913607,0.08265021,-0.00909462,-0.02704689,0.03723775,,-1,1,-1,1
23.08809,0.05940153,-0.0192064,0.08285843,-0.009434019,-0.02747327,0.03755316,,-1,1,-1,1
23.11101,0.05929545,-0.01917187,0.0834389,-0.00937423,-0.02861023,0.03761645,,-1,1,-1,1
23.13595,0.05936622,-0.01934505,0.0839549,-0.009422062,-0.02912515,0.03763133,,-1,1,-1,1
23.15613,0.05939548,-0.01953196,0.0838654,-0.009931399,-0.02853301,0.03788752,,-1,1,-1,1
23.17649,0.05931116,-0.01969036,0.08399193,-0.009933949,-0.02812606,0.03785007,,-1,1,-1,1
23.20304,0.05931251,-0.01977229,0.08411826,-0.009536134,-0.0281494,0.03741111,,-1,1,-1,1
23.22217,0.05942523,-0.01994451,0.08432364,-0.008475,-0.02846277,0.03699088,,-1,1,-1,1
23.25669,0.05934455,-0.02005766,0.08456071,-0.008299177,-0.02806482,0.03740547,,-1,1,-1,1
23.27975,0.05916274,-0.01999004,0.08440461,-0.008603788,-0.02782756,0.03856167,,-1,1,-1,1
23.30143,0.05909154,-0.01993071,0.08429263,-0.008641126,-0.02797836,0.03942677,,-1,1,-1,1
23.32128,0.05931787,-0.0197107,0.08426946,-0.008162981,-0.02939767,0.03920077,,-1,1,-1,1
23.34698,0.05960146,-0.01970406,0.08441043,-0.007835153,-0.02997178,0.03839483,,-1,1,-1,1
23.36687,0.05976993,-0.0196951,0.08450002,-0.007969448,-0.02940324,0.0379989,,-1,1,-1,1
23.40267,0.06002273,-0.01986875,0.0846638,-0.008008676,-0.02839008,0.03767961,,-1,1,-1,1
23.42331,0.06025203,-0.02019416,0.08493391,-0.00784676,-0.02827716,0.03734672,,-1,1,-1,1
23.44365,0.06035513,-0.02033697,0.0850053,-0.007834878,-0.02802008,0.03763948,,-1,1,-1,1
23.46738,0.06030361,-0.02039661,0.08500656,-0.00747006,-0.02717164,0.03891267,,-1,1,-1,1
23.49512,0.0603636,-0.02044228,0.08507606,-0.006936971,-0.02673894,0.04000302,0,-1,1,-1,1
23.51087,0.06032371,-0.0205155,0.0852007,-0.006192623,-0.02657986,0.04101671,0,-1,1,-1,1
23.5331,0.0603384,-0.02054324,0.08528386,-0.005787745,-0.02654165,0.04188186,0,-1,1,-1,1
23.5581,0.06032553,-0.02071038,0.08548314,-0.00527774,-0.0268788,0.04237015,0,-1,1,-1,1
23.57916,0.06030694,-0.02079712,0.08572233,-0.004916498,-0.02694476,0.04229964,0,-1,1,-1,1
23.61278,0.06000225,-0.02080268,0.08579199,-0.00407096,-0.02639708,0.04231386,0,-1,1,-1,1
23.63586,0.05972008,-0.02060951,0.08587003,-0.003731523,-0.02653635,0.04199658,0,-1,1,-1,1
23.65543,0.05962907,-0.02057068,0.08605143,-0.003886536,-0.02741972,0.04139361,0,-1,1,-1,1
23.67026,0.0593749,-0.02057485,0.08626758,-0.004142974,-0.02762219,0.04104744,0,-1,1,-1,1
23.70373,0.05918489,-0.02044223,0.08649603,-0.004376605,-0.02837023,0.04064779,0,-1,1,-1,1
23.71835,0.05901211,-0.02058251,0.08679889,-0.004942192,-0.02869523,0.04002241,0,-1,1,-1,1
23.75551,0.05848651,-0.02042629,0.08673718,-0.005634669,-0.02850237,0.03969552,0,-1,1,-1,1
23.77376,0.05820757,-0.02044713,0.08677784,-0.005537061,-0.02871317,0.0396517,0,-1,1,-1,1
23.79967,0.05789376,-0.0201663,0.08670659,-0.004912712,-0.02943215,0.03917242,0,-1,1,-1,1
23.82212,0.05764496,-0.02001791,0.08697288,-0.004467243,-0.03017485,0.03886178,0,-1,1,-1,1
23.84615,0.05740104,-0.01979861,0.08706179,-0.004639935,-0.03050429,0.03876555,0,-1,1,-1,1
23.86584,0.05716626,-0.01963678,0.08719006,-0.005150406,-0.03056687,0.03868204,0,-1,1,-1,1
23.88783,0.0569439,-0.01929352,0.08730902,-0.005275333,-0.03095075,0.03825203,0,-1,1,-1,1
23.91451,0.05686633,-0.01895931,0.08762548,-0.005464517,-0.03132033,0.03755967,0,-1,1,-1,1
23.93237,0.05671415,-0.01887002,0.08786353,-0.005826332,-0.03118259,0.03731279,0,-1,1,-1,1
23.96773,0.05633261,-0.0185035,0.08800472,-0.006997665,-0.03086767,0.03764621,0,-1,1,-1,1
23.99085,0.05607076,-0.0181818,0.08813988,-0.007337556,-0.0307624,0.03818571,0,-1,1,-1,1
24.01213,0.05597039,-0.01797247,0.08838002,-0.007504852,-0.0313814,0.0386535,0,-1,1,-1,1
24.03228,0.0558699,-0.01795545,0.08863878,-0.007974081,-0.031699,0.03925522,0,-1,1,-1,1
24.06093,0.0556053,-0.01796597,0.08878011,-0.008283298,-0.03219482,0.04005768,0,-1,1,-1,1
24.08007,0.05548203,-0.01777696,0.08886109,-0.008398078,-0.03257668,0.04054585,0,-1,1,-1,1
24.10135,0.05537384,-0.01778236,0.08900769,-0.008159347,-0.03274161,0.04074018,0,-1,1,-1,1
24.13485,0.0552891,-0.01768726,0.08896898,-0.007584812,-0.03262699,0.0400782,0,-1,1,-1,1
24.15445,0.05516978,-0.01780169,0.08901522,-0.007470543,-0.032341,0.03982785,0,-1,1,-1,1
24.17765,0.05499117,-0.01785271,0.08886359,-0.007291215,-0.03219232,0.0398197,0,-1,1,-1,1
24.20241,0.05482979,-0.01786332,0.08886905,-0.00715523,-0.03243607,0.03979956,0,-1,1,-1,1
24.22174,0.05465667,-0.01815468,0.0889404,-0.007010119,-0.03253406,0.04042436,0,-1,1,-1,1
24.24521,0.05451423,-0.01828768,0.08885989,-0.006544217,-0.03317705,0.04095708,0,-1,1,-1,1
24.26572,0.05441682,-0.01826016,0.08870801,-0.006115271,-0.03383169,0.0407425,0,-1,1,-1,1
24.29043,0.05433071,-0.0182184,0.08858667,-0.005882183,-0.03392306,0.04052375,0,-1,1,-1,1
24.32303,0.05419827,-0.01835293,0.08852759,-0.00537749,-0.03414133,0.03978418,0,-1,1,-1,1
24.347,0.05431885,-0.01834594,0.08857614,-0.00550111,-0.03461877,0.03858933,0,-1,1,-1,1
24.36193,0.05432754,-0.01848672,0.08856855,-0.005614532,-0.03466889,0.03797491,0,-1,1,-1,1
24.38874,0.05440213,-0.01837794,0.08829939,-0.0061046,-0.03436419,0.03749592,0,-1,1,-1,1
24.41416,0.05456341,-0.01868732,0.08829698,-0.006078826,-0.03462651,0.03676453,0,-1,1,-1,1
24.43304,0.05471745,-0.01876624,0.08824587,-0.006043602,-0.03415763,0.03668403,0,-1,1,-1,1
24.44796,0.05484938,-0.01885557,0.08808269,-0.005857409,-0.033519,0.03696755,0,-1,1,-1,1
24.49267,0.05499759,-0.01851724,0.08771849,-0.005185707,-0.03281328,0.03825606,0,-1,1,-1,1
24.51306,0.05515043,-0.01835683,0.08766964,-0.004703829,-0.0328964,0.03881175,0,-1,1,-1,1
24.52833,0.05534153,-0.01849983,0.0877861,-0.004483365,-0.03273013,0.03940888,0,-1,1,-1,1
24.55526,0.05528701,-0.01836793,0.08760992,-0.004797805,-0.03217849,0.04069507,0,-1,1,-1,1
24.5775,0.05532198,-0.01814307,0.08743706,-0.004873233,-0.03182182,0.0417258,0,-1,1,-1,1
24.60029,0.05534755,-0.01782223,0.08752387,-0.004910894,-0.03183606,0.04242524,0,-1,1,-1,1
24.62352,0.05538618,-0.01770424,0.08752908,-0.004985446,-0.0321869,0.04287564,0,-1,1,-1,1
24.64392,0.05546049,-0.01765591,0.08765721,-0.005414292,-0.03272152,0.04261593,0,-1,1,-1,1
24.67853,0.05541862,-0.01749942,0.08773306,-0.005688839,-0.03246886,0.04231261,0,-1,1,-1,1
24.69882,0.05536605,-0.0175898,0.0877836,-0.0055061,-0.03228128,0.04196309,0,-1,1,-1,1
24.72181,0.05527665,-0.01775942,0.08800127,-0.005449099,-0.03259414,0.04186107,0,-1,1,-1,1
24.7437,0.05509848,-0.0178975,0.0881283,-0.005081723,-0.0334852,0.04195745,0,-1,1,-1,1
24.76994,0.05511961,-0.01779993,0.08847216,-0.005099317,-0.03438255,0.04147913,0,-1,1,-1,1
24.79436,0.055169,-0.0178699,0.08872262,-0.005436253,-0.03491333,0.04047901,0,-1,1,-1,1
24.82232,0.05507203,-0.01829543,0.08899416,-0.005239699,-0.03491175,0.03919734,0,-1,1,-1,1
24.84361,0.05504083,-0.01854224,0.08930741,-0.00448467,-0.03494421,0.03830125,0,-1,1,-1,1
24.86863,0.0550062,-0.01864198,0.08943047,-0.00405404,-0.03503513,0.03784171,0,-1,1,-1,1
24.88434,0.05483915,-0.01893017,0.08971118,-0.003845843,-0.03514966,0.03792724,0,-1,1,-1,1
24.91143,0.05466601,-0.01920241,0.08997969,-0.004213911,-0.03562906,0.03874786,0,-1,1,-1,1
24.93494,0.05457717,-0.01963217,0.09027046,-0.004334105,-0.03637111,0.03942589,0,-1,1,-1,1
24.9552,0.05448408,-0.01977782,0.0902669,-0.004149886,-0.03669271,0.0400523,0,-1,1,-1,1
24.9773,0.05445718,-0.01992092,0.09048264,-0.003214924,-0.03704351,0.03992156,0,-1,1,-1,1
25.01334,0.05462004,-0.02046144,0.09099126,-0.001820749,-0.03726223,0.03823984,0,-1,1,-1,1
25.02749,0.05450681,-0.02083505,0.09129821,-0.0009714626,-0.03679278,0.03790019,0,-1,1,-1,1
25.05719,0.05432001,-0.02119856,0.09138758,-0.0004079323,-0.03650764,0.03842982,0,-1,1,-1,1
25.07827,0.05430348,-0.02132505,0.09154012,-0.000119973,-0.03715619,0.03874782,0,-1,1,-1,1
25.09855,0.05431195,-0.02144791,0.09178822,-2.782233E-05,-0.03739971,0.03937384,0,-1,1,-1,1
25.12115,0.05430461,-0.02153279,0.0919735,-0.0002165996,-0.03744653,0.04001405,0,-1,1,-1,1
25.14547,0.05427869,-0.02166654,0.09215328,-0.0008033663,-0.03764918,0.04025976,0,-1,1,-1,1
25.17751,0.05440142,-0.02212237,0.09239234,-0.001114754,-0.03824762,0.03948027,0,-1,1,-1,1
25.20195,0.05449399,-0.02234247,0.09240182,-0.001150971,-0.03848559,0.03867971,0,-1,1,-1,1
25.22195,0.05452953,-0.02265477,0.09232726,-0.001289094,-0.03823394,0.03781077,0,-1,1,-1,1
25.24366,0.05455251,-0.0230122,0.09228182,-0.001460938,-0.03776482,0.03755757,0,-1,1,-1,1
25.26988,0.05458354,-0.02324096,0.09205608,-0.00144854,-0.03784072,0.03727969,0,-1,1,-1,1
25.28853,0.05468455,-0.02350698,0.09195284,-0.001390459,-0.03833941,0.03687656,0,-1,1,-1,1
25.31343,0.05509626,-0.02369655,0.09202205,-0.0007952545,-0.03945571,0.03567383,0,-1,1,-1,1
25.32885,0.05535632,-0.02403533,0.09195347,-0.001006708,-0.03950873,0.0348867,0,-1,1,-1,1
25.36674,0.05533028,-0.02470358,0.09140683,-0.001151536,-0.03755954,0.03645397,0,-1,1,-1,1
25.38851,0.05546854,-0.02491842,0.09122166,-0.0006171223,-0.03781295,0.03695522,0,-1,1,-1,1
25.4154,0.05575759,-0.02558501,0.09120776,-8.755177E-05,-0.03887317,0.03743608,0,-1,1,-1,1
25.43337,0.05596064,-0.02571952,0.09112339,0.0001276843,-0.03946596,0.03777022,0,-1,1,-1,1
25.45537,0.05628671,-0.02606872,0.09088971,-1.617521E-05,-0.03941116,0.03790574,0,-1,1,-1,1
25.47073,0.05645993,-0.02663834,0.09072182,-0.0001331847,-0.0389435,0.03833004,0,-1,1,-1,1
25.51242,0.05666378,-0.02678046,0.09001783,0.0001780465,-0.03762788,0.03888201,0,-1,1,-1,1
25.53295,0.05707424,-0.02687487,0.08957599,0.0009141024,-0.03784344,0.0386944,0,-1,1,-1,1
25.56602,0.05740603,-0.02724602,0.08955872,0.0009846352,-0.03751963,0.03846843,0,-1,1,-1,1
25.58223,0.05747045,-0.02756936,0.08927196,-1.478381E-05,-0.03667331,0.03902223,0,-1,1,-1,1
25.59928,0.05751027,-0.02766113,0.08881984,-0.0003470369,-0.03646925,0.03934271,0,-1,1,-1,1
25.62183,0.05767029,-0.02773179,0.08841839,-0.0002212487,-0.03629297,0.03991688,0,-1,1,-1,1
25.64018,0.05782675,-0.02752298,0.08780564,4.423037E-05,-0.03607237,0.04024857,0,-1,1,-1,1
25.68022,0.05804117,-0.02731676,0.0873959,0.001102885,-0.0354985,0.04026986,0,-1,1,-1,1
25.70173,0.05804016,-0.02735892,0.08694141,0.0005903859,-0.03490865,0.04050257,0,-1,1,-1,1
25.72292,0.05797266,-0.02710171,0.08620211,0.0002865214,-0.03413269,0.0412938,0,-1,1,-1,1
25.74464,0.05786882,-0.02667148,0.08598688,6.972067E-05,-0.03414676,0.0414572,0,-1,1,-1,1
25.76063,0.05777934,-0.02635763,0.08563533,-0.000454057,-0.0341143,0.04191642,0,-1,1,-1,1
25.7901,0.05765137,-0.02604035,0.08530266,-0.001459114,-0.03427985,0.04205822,0,-1,1,-1,1
25.82585,0.0573101,-0.02545244,0.08463678,-0.00226895,-0.03383058,0.04227822,0,-1,1,-1,1
25.84761,0.05706693,-0.02513533,0.08425966,-0.002526091,-0.03414273,0.04212452,0,-1,1,-1,1
25.86315,0.05683811,-0.02486248,0.08401739,-0.002897946,-0.03448913,0.04182693,0,-1,1,-1,1
25.88904,0.05650366,-0.02461951,0.08382818,-0.00337173,-0.03440133,0.04211941,0,-1,1,-1,1
25.90756,0.05607648,-0.02440873,0.08345193,-0.00374108,-0.03431964,0.04233223,0,-1,1,-1,1
25.93312,0.05569493,-0.02402672,0.08310939,-0.003759747,-0.03485277,0.04203938,0,-1,1,-1,1
25.96795,0.05506501,-0.02377451,0.08289493,-0.003973724,-0.035344,0.0418361,0,-1,1,-1,1
25.9938,0.05437496,-0.0235845,0.08263544,-0.00428059,-0.03557801,0.04164387,0,-1,1,-1,1
26.01398,0.05406651,-0.02357554,0.08257926,-0.004218789,-0.03565136,0.04176963,0,-1,1,-1,1
26.03575,0.05340971,-0.02324937,0.08233746,-0.003920812,-0.03579596,0.04181826,0,-1,1,-1,1
26.05816,0.05289389,-0.02288852,0.08224382,-0.003764363,-0.03703791,0.04123333,0,-1,1,-1,1
26.07764,0.05259192,-0.02295296,0.08239512,-0.003629131,-0.03805658,0.04030814,0,-1,1,-1,1
26.09347,0.05215088,-0.02288806,0.08246861,-0.003778141,-0.03846595,0.03967922,0,-1,1,-1,1
26.13716,0.05173586,-0.02285707,0.08254775,-0.0039423,-0.03866896,0.03796879,0,-1,1,-1,1
26.15401,0.05130567,-0.02292372,0.08253707,-0.003851628,-0.03836557,0.03727946,0,-1,1,-1,1
26.17883,0.05088257,-0.02285074,0.08242439,-0.003611645,-0.03826794,0.0373998,0,-1,1,-1,1
26.20321,0.05048779,-0.02277349,0.08249952,-0.003620539,-0.03812775,0.03774725,0,-1,1,-1,1
26.22348,0.05013286,-0.02282752,0.08263092,-0.003906468,-0.03846863,0.03834256,0,-1,1,-1,1
26.24398,0.04983636,-0.02306638,0.08274522,-0.004341766,-0.0386351,0.03941406,0,-1,1,-1,1
26.26567,0.04954066,-0.0231881,0.08272222,-0.004163515,-0.03892842,0.04024623,0,-1,1,-1,1
26.29519,0.04929587,-0.02319849,0.08251705,-0.00363487,-0.03894994,0.04060193,0,-1,1,-1,1
26.32327,0.04880688,-0.02305275,0.08253083,-0.002524231,-0.03879869,0.04071598,0,-1,1,-1,1
26.34608,0.04866254,-0.02319161,0.08263241,-0.002055878,-0.03914163,0.04022031,0,-1,1,-1,1
26.36564,0.04847803,-0.02323925,0.0827242,-0.001886388,-0.03945252,0.03977972,0,-1,1,-1,1
26.38847,0.04832375,-0.02309192,0.08282007,-0.001739657,-0.03966123,0.03916042,0,-1,1,-1,1
26.40993,0.04823032,-0.02310769,0.08307902,-0.001722278,-0.03981379,0.03898114,0,-1,1,-1,1
26.43337,0.04801635,-0.02304803,0.08320381,-0.002090886,-0.03956562,0.03894889,0,-1,1,-1,1
26.44931,0.04789418,-0.02313955,0.08328691,-0.002396883,-0.03951114,0.03929095,0,-1,1,-1,1
26.47743,0.04776078,-0.02313682,0.08338177,-0.002566611,-0.03955749,0.03953974,0,-1,1,-1,1
26.49633,0.04763156,-0.02316674,0.08357082,-0.002361868,-0.03997418,0.03982729,0,-1,1,-1,1
26.53403,0.04742821,-0.02326052,0.08382981,-0.002016649,-0.03977451,0.04092564,0,-1,1,-1,1
26.5575,0.0472312,-0.02319933,0.08384339,-0.001916489,-0.03973624,0.04178482,0,-1,1,-1,1
26.57767,0.04704677,-0.02289014,0.08397961,-0.001640795,-0.04004127,0.04193475,0,-1,1,-1,1
26.6004,0.04688343,-0.02269026,0.0841923,-0.001261046,-0.04024363,0.04189721,0,-1,1,-1,1
26.62016,0.04685314,-0.02266801,0.08431866,-0.001607582,-0.04048178,0.04175078,0,-1,1,-1,1
26.6441,0.04677768,-0.02283221,0.08468966,-0.002014253,-0.04081717,0.04127179,0,-1,1,-1,1
26.66746,0.04662373,-0.02290821,0.08490638,-0.002348319,-0.0408527,0.04131836,0,-1,1,-1,1
26.68796,0.04642642,-0.02294574,0.08501315,-0.002641879,-0.04074937,0.04135242,0,-1,1,-1,1
26.72279,0.04629872,-0.0230673,0.08518055,-0.002260149,-0.04140168,0.04105646,0,-1,1,-1,1
26.74532,0.04610927,-0.0233847,0.08544767,-0.001958497,-0.04194191,0.04101094,0,-1,1,-1,1
26.76965,0.04593625,-0.02360609,0.08556397,-0.001527432,-0.04245695,0.04091552,0,-1,1,-1,1
26.78516,0.04595326,-0.0235975,0.08564943,-0.000923235,-0.04266751,0.04077045,0,-1,1,-1,1
26.81096,0.04599619,-0.02376093,0.08608453,-0.0006134342,-0.04309285,0.0404149,0,-1,1,-1,1
26.83174,0.04595547,-0.02401214,0.08631793,-0.001049511,-0.0432322,0.04032264,0,-1,1,-1,1
26.85593,0.04581781,-0.02408724,0.08637995,-0.001126191,-0.04343051,0.04029076,0,-1,1,-1,1
26.88948,0.04585665,-0.02433039,0.08695453,-0.000919871,-0.04362541,0.03963618,0,-1,1,-1,1
26.91252,0.04598386,-0.02452421,0.0872972,-0.0009422135,-0.04377183,0.0391513,0,-1,1,-1,1
26.93265,0.04592117,-0.02477212,0.08742163,-0.0008569732,-0.04369569,0.03928971,0,-1,1,-1,1
26.9555,0.04585474,-0.02499067,0.08766054,-0.0005411264,-0.04345363,0.03966428,0,-1,1,-1,1
26.98153,0.0457547,-0.02502181,0.08757912,-0.0004090182,-0.0432961,0.04022011,0,-1,1,-1,1
27.00269,0.04559145,-0.02496544,0.08759624,0.0002206415,-0.043455,0.040589,0,-1,1,-1,1
27.02545,0.0456532,-0.02503598,0.08788773,0.000572769,-0.04412231,0.0405867,0,-1,1,-1,1
27.04697,0.04550644,-0.02527911,0.08817306,0.0005079675,-0.0439893,0.0411304,0,-1,1,-1,1
27.06645,0.04530808,-0.0253025,0.08813418,0.0005567223,-0.04412404,0.04192261,0,-1,1,-1,1
27.08303,0.04524601,-0.02526145,0.08818802,0.0007375721,-0.04459161,0.04194156,0,-1,1,-1,1
27.12396,0.0450581,-0.02525435,0.08845681,0.0006894413,-0.04489574,0.04137962,0,-1,1,-1,1
27.14563,0.0449484,-0.02516357,0.08844454,0.0009447522,-0.04463524,0.04136335,0,-1,1,-1,1
27.16618,0.04484112,-0.02513141,0.08855253,0.0007809345,-0.04501468,0.04117179,0,-1,1,-1,1
27.19111,0.04470312,-0.02498859,0.08854686,0.0005229153,-0.04549113,0.04080861,0,-1,1,-1,1
27.21189,0.04471178,-0.02489392,0.08858135,0.0006007776,-0.04584938,0.04074398,0,-1,1,-1,1
27.23351,0.04470982,-0.0248901,0.08881252,0.0003917534,-0.04597083,0.04035849,0,-1,1,-1,1
27.24954,0.04470842,-0.02503801,0.08900408,0.0002732072,-0.04624972,0.04014682,0,-1,1,-1,1
27.27997,0.04462483,-0.02499424,0.08899552,0.0005364809,-0.04594752,0.03979903,0,-1,1,-1,1
27.31151,0.04454775,-0.0249085,0.08899368,0.001275793,-0.0457482,0.03962678,0,-1,1,-1,1
27.338,0.04440668,-0.0249792,0.08907406,0.001418222,-0.04576078,0.04002355,0,-1,1,-1,1
27.35523,0.04434356,-0.02494283,0.08918796,0.001638958,-0.04606673,0.04052885,0,-1,1,-1,1
27.37197,0.04430922,-0.02507697,0.0894516,0.001459319,-0.04637465,0.04090954,0,-1,1,-1,1
27.40285,0.0443064,-0.02533982,0.08966473,0.001112383,-0.04646233,0.04117746,0,-1,1,-1,1
27.42404,0.04425409,-0.02541289,0.08952855,0.001139617,-0.04644871,0.04115316,0,-1,1,-1,1
27.44114,0.04426368,-0.02555238,0.08948053,0.001423778,-0.04632217,0.04076441,0,-1,1,-1,1
27.4664,0.04429092,-0.02568859,0.08956119,0.002014821,-0.04614893,0.04017152,0,-1,1,-1,1
27.50132,0.04432332,-0.02606625,0.08959584,0.002478331,-0.04648498,0.03957514,0,-1,1,-1,1
27.52327,0.04438212,-0.02619088,0.08964182,0.002537673,-0.04713914,0.03933606,0,-1,1,-1,1
27.53792,0.04460226,-0.02644055,0.08974755,0.002439402,-0.04761645,0.03903432,0,-1,1,-1,1
27.56781,0.04503676,-0.02666087,0.08996715,0.002526969,-0.04755947,0.03784241,0,-1,1,-1,1
27.58868,0.04512718,-0.0268807,0.09000166,0.002666999,-0.04668492,0.0377255,0,-1,1,-1,1
27.61007,0.04511947,-0.02704365,0.08997637,0.002805186,-0.04568395,0.03800179,0,-1,1,-1,1
27.63894,0.04523165,-0.02726366,0.09008828,0.002948459,-0.04544115,0.03847882,0,-1,1,-1,1
27.65511,0.04524801,-0.02724067,0.09000298,0.00284465,-0.0455516,0.03914287,0,-1,1,-1,1
27.67771,0.0454114,-0.02724832,0.0900829,0.003025655,-0.04600072,0.03992276,0,-1,1,-1,1
27.7201,0.04562112,-0.02740299,0.0902945,0.002951743,-0.04575938,0.04054824,0,-1,1,-1,1
27.73887,0.04568408,-0.02745833,0.09032868,0.003421541,-0.04509628,0.04140266,0,-1,1,-1,1
27.75867,0.04564593,-0.02728864,0.09035483,0.003837064,-0.04504555,0.04169478,0,-1,1,-1,1
27.77857,0.04559549,-0.0272282,0.09053659,0.003761455,-0.04526004,0.04176496,0,-1,1,-1,1
27.79962,0.04565157,-0.02732422,0.090689,0.003483402,-0.04547414,0.04215442,0,-1,1,-1,1
27.82171,0.04560336,-0.02722064,0.09069685,0.002901489,-0.04575399,0.04250477,0,-1,1,-1,1
27.84143,0.04556263,-0.02715889,0.09070145,0.002525961,-0.046159,0.04254038,0,-1,1,-1,1
27.87821,0.04574669,-0.02691212,0.09093954,0.002661113,-0.04673719,0.04151413,0,-1,1,-1,1
27.89254,0.04571506,-0.02687162,0.09110011,0.002268001,-0.04666999,0.04110483,0,-1,1,-1,1
27.92412,0.04553952,-0.02714828,0.09114222,0.001536982,-0.0461584,0.0409264,0,-1,1,-1,1
27.94379,0.04544191,-0.02720561,0.09119608,0.001232687,-0.04645929,0.0407529,0,-1,1,-1,1
27.95912,0.04534579,-0.02736603,0.09111553,0.001105916,-0.04678258,0.04056131,0,-1,1,-1,1
27.98919,0.04540735,-0.02732487,0.09095411,0.001524329,-0.04724765,0.04027769,0,-1,1,-1,1
28.00356,0.04533185,-0.02755675,0.09102466,0.001902401,-0.0472641,0.04000574,0,-1,1,-1,1
28.03272,0.04513792,-0.02771347,0.09070499,0.002139568,-0.04687852,0.0401734,0,-1,1,-1,1
28.05928,0.04509291,-0.02796145,0.09062834,0.002761496,-0.04727992,0.03985465,0,-1,1,-1,1
28.0885,0.04498202,-0.02842634,0.0903576,0.003401266,-0.04745892,0.03941803,0,-1,1,-1,1
28.10371,0.04498916,-0.02876155,0.09014633,0.003821956,-0.04769006,0.03904022,0,-1,1,-1,1
28.13725,0.0450541,-0.02893684,0.09001394,0.004595466,-0.04762068,0.03805395,0,-1,1,-1,1
28.15486,0.04508815,-0.02934401,0.08993298,0.005333057,-0.04769406,0.03764956,0,-1,1,-1,1
28.16937,0.04510453,-0.02957996,0.08990903,0.005807804,-0.04762509,0.037122,0,-1,1,-1,1
28.20206,0.04540686,-0.02995697,0.08992353,0.006004356,-0.04829511,0.03652404,0,-1,1,-1,1
28.22205,0.04559219,-0.03024439,0.08992065,0.006045122,-0.04828668,0.03622459,0,-1,1,-1,1
28.24385,0.04598546,-0.03028574,0.08973481,0.005680814,-0.04772153,0.0360038,0,-1,1,-1,1
28.26571,0.04637861,-0.03037132,0.08962508,0.005835276,-0.04702321,0.03563073,0,-1,1,-1,1
28.28862,0.04663136,-0.03051938,0.08964248,0.005854282,-0.04607204,0.03580471,0,-1,1,-1,1
28.30399,0.04691568,-0.03073172,0.08974332,0.005763972,-0.04529515,0.03626125,0,-1,1,-1,1
28.34776,0.0471293,-0.03079594,0.0895199,0.00536499,-0.04437771,0.03876417,0,-1,1,-1,1
28.36669,0.04750753,-0.03093295,0.08935705,0.005317621,-0.04353386,0.04073352,0,-1,1,-1,1
28.38941,0.04753125,-0.03072844,0.08906318,0.005437791,-0.04247263,0.04268521,0,-1,1,-1,1
28.41877,0.04757459,-0.03045975,0.08878424,0.005823791,-0.04207116,0.04387018,0,-1,1,-1,1
28.43675,0.04761115,-0.03011591,0.08845013,0.006358681,-0.04210776,0.04441388,0,-1,1,-1,1
28.45519,0.04764934,-0.02995853,0.08842833,0.006429547,-0.04218039,0.04438996,0,-1,1,-1,1
28.49358,0.04754677,-0.02956026,0.08826081,0.006229999,-0.04200843,0.04443221,0,-1,1,-1,1
28.51014,0.04735443,-0.02935789,0.08813239,0.005471848,-0.0417535,0.04454017,0,-1,1,-1,1
28.53507,0.04706025,-0.02909325,0.08792559,0.004495483,-0.04200077,0.0446312,0,-1,1,-1,1
28.55932,0.04701902,-0.02907498,0.08799139,0.004272977,-0.04274806,0.0437661,0,-1,1,-1,1
28.57701,0.04682168,-0.02890984,0.08782716,0.00376359,-0.04293334,0.0433878,0,-1,1,-1,1
28.59161,0.04655118,-0.0288123,0.08769289,0.003384681,-0.04288262,0.04306976,0,-1,1,-1,1
28.62156,0.04615384,-0.02855499,0.08734699,0.003570672,-0.04319328,0.04234271,0,-1,1,-1,1
28.65592,0.04573786,-0.02860766,0.08722297,0.003390189,-0.04422227,0.04155261,0,-1,1,-1,1
28.67774,0.04550479,-0.02852154,0.08699766,0.003309386,-0.04505566,0.04089542,0,-1,1,-1,1
28.69302,0.04531478,-0.02835567,0.08693697,0.003387839,-0.04549387,0.03986574,0,-1,1,-1,1
28.72271,0.04528741,-0.02827201,0.08697914,0.003735811,-0.04560027,0.03845143,0,-1,1,-1,1
28.74442,0.04517194,-0.02834774,0.08711784,0.003669949,-0.04545087,0.03702825,0,-1,1,-1,1
28.76336,0.04504972,-0.02841515,0.08705248,0.003561491,-0.04539311,0.03632715,0,-1,1,-1,1
28.7881,0.0447756,-0.0284926,0.08689944,0.003360158,-0.04505304,0.03660395,0,-1,1,-1,1
28.81053,0.04454082,-0.02866609,0.08683603,0.003373824,-0.04503131,0.03687304,0,-1,1,-1,1
28.8351,0.0444501,-0.02864988,0.08679892,0.003919816,-0.04493284,0.0373548,0,-1,1,-1,1
28.86651,0.04429449,-0.02873287,0.08681434,0.00468972,-0.04494584,0.0381691,0,-1,1,-1,1
28.889,0.04427579,-0.02881884,0.08680724,0.004854729,-0.04506335,0.03899819,0,-1,1,-1,1
28.90734,0.04422026,-0.02881753,0.08676335,0.004862288,-0.04517359,0.0395658,0,-1,1,-1,1
28.93319,0.04435525,-0.02878308,0.08679439,0.004929917,-0.04566813,0.03962097,0,-1,1,-1,1
28.95493,0.04455491,-0.02894781,0.08692338,0.0047759,-0.04545391,0.03879255,0,-1,1,-1,1
28.98066,0.04477229,-0.0292336,0.08698605,0.004779978,-0.04472637,0.03823497,0,-1,1,-1,1
28.99529,0.0447493,-0.02932223,0.08692058,0.005073166,-0.04376706,0.03803506,0,-1,1,-1,1
29.02196,0.04477815,-0.0295498,0.08674785,0.005072463,-0.04334989,0.03857391,0,-1,1,-1,1
29.04861,0.04480418,-0.02977193,0.08661228,0.005094763,-0.04335871,0.03934322,0,-1,1,-1,1
29.07852,0.04491704,-0.02992744,0.08650844,0.005292505,-0.0439046,0.04038332,0,-1,1,-1,1
29.0995,0.04486608,-0.03000745,0.0862847,0.005413136,-0.04362592,0.04096855,0,-1,1,-1,1
29.12542,0.04482022,-0.02980877,0.08602294,0.005681681,-0.04342309,0.04160772,0,-1,1,-1,1
29.14594,0.04491327,-0.02979131,0.08590961,0.005945152,-0.04376629,0.04164072,0,-1,1,-1,1
29.16565,0.04486514,-0.02979235,0.08586647,0.005428569,-0.04406831,0.04128296,0,-1,1,-1,1
29.19419,0.04492222,-0.02982243,0.08575206,0.005064467,-0.0445202,0.04095905,0,-1,1,-1,1
29.21712,0.04491993,-0.03004003,0.08561604,0.004058974,-0.04476425,0.04034787,0,-1,1,-1,1
29.24477,0.04492056,-0.03018378,0.08523969,0.003445724,-0.04530123,0.03981684,0,-1,1,-1,1
29.26573,0.04500769,-0.03038934,0.08520813,0.003868517,-0.0460166,0.03908387,0,-1,1,-1,1
29.2892,0.04504432,-0.03042385,0.0849418,0.003802648,-0.0463655,0.03867715,0,-1,1,-1,1
29.31131,0.04512784,-0.03070423,0.0849584,0.003734794,-0.04651502,0.03835912,0,-1,1,-1,1
29.33357,0.04504817,-0.0309912,0.08475532,0.002852116,-0.04647034,0.03879908,0,-1,1,-1,1
29.35513,0.04506372,-0.03108095,0.08426395,0.002510084,-0.0469408,0.03936519,0,-1,1,-1,1
29.37667,0.04519028,-0.03083578,0.08395922,0.002845636,-0.04804498,0.03934252,0,-1,1,-1,1
29.40005,0.04543607,-0.03083587,0.08399923,0.002725655,-0.04883835,0.03882922,0,-1,1,-1,1
29.41488,0.04553479,-0.03086753,0.08393012,0.002358859,-0.048949,0.03858899,0,-1,1,-1,1
29.45603,0.04592398,-0.03084396,0.08366778,0.001138655,-0.04947987,0.03752539,0,-1,1,-1,1
29.47268,0.04608405,-0.0308372,0.08349997,0.000489736,-0.04962197,0.03709201,0,-1,1,-1,1
29.50234,0.04630719,-0.03092244,0.08331141,2.803095E-05,-0.04983985,0.03747171,0,-1,1,-1,1
29.52137,0.04641889,-0.03097431,0.08297317,-0.0008468106,-0.04986462,0.03825837,0,-1,1,-1,1
29.54922,0.04652683,-0.0308542,0.08253314,-0.001513468,-0.05036041,0.03895422,0,-1,1,-1,1
29.56503,0.04682735,-0.03080254,0.08213905,-0.001489917,-0.05113557,0.03926463,0,-1,1,-1,1
29.58879,0.04695512,-0.03065135,0.08172977,-0.001359466,-0.05164841,0.03943213,0,-1,1,-1,1
29.61078,0.04718077,-0.03053771,0.08128903,-0.001818622,-0.05186582,0.03996408,0,-1,1,-1,1
29.64788,0.04747833,-0.03041477,0.08068584,-0.002483595,-0.05244583,0.04033061,0,-1,1,-1,1
29.66746,0.04789671,-0.03033733,0.08012514,-0.002982343,-0.0529733,0.03965905,0,-1,1,-1,1
29.69183,0.04828499,-0.03011255,0.07948877,-0.002323473,-0.05290031,0.03891421,0,-1,1,-1,1
29.70641,0.0485424,-0.02989825,0.07925589,-0.001245556,-0.05216548,0.03865051,0,-1,1,-1,1
29.7325,0.04862659,-0.02975736,0.07878616,-0.0009290669,-0.05121884,0.03961786,0,-1,1,-1,1
29.75908,0.04869861,-0.02947599,0.07840064,-0.0009073373,-0.05102876,0.04118771,0,-1,1,-1,1
29.77715,0.04884772,-0.02914581,0.07811925,-0.001365107,-0.05183282,0.04312579,0,-1,1,-1,1
29.79123,0.04891557,-0.02890207,0.07789632,-0.00204014,-0.05184934,0.04455193,0,-1,1,-1,1
29.83686,0.04882536,-0.02853543,0.07702783,-0.004207667,-0.05160922,0.04700217,0,-1,1,-1,1
29.85439,0.04886977,-0.02828654,0.07650083,-0.00504325,-0.05267042,0.04749054,0,-1,1,-1,1
29.87875,0.04908133,-0.02790959,0.07589442,-0.005795687,-0.05476478,0.04641309,0,-1,1,-1,1
29.90283,0.04930736,-0.02817559,0.07585534,-0.006111532,-0.05580705,0.04442731,0,-1,1,-1,1
29.9212,0.04941458,-0.02824339,0.07548678,-0.006610647,-0.0555267,0.04233116,0,-1,1,-1,1
29.94489,0.04949658,-0.02856452,0.07486055,-0.007178757,-0.05503172,0.04091008,0,-1,1,-1,1
29.98381,0.04944168,-0.02862831,0.07405806,-0.007409744,-0.05522832,0.03984711,0,-1,1,-1,1
30.00415,0.04947894,-0.02883921,0.07379922,-0.007301116,-0.05634257,0.03983881,0,-1,1,-1,1
30.02273,0.04977918,-0.02886075,0.07342,-0.007546648,-0.0578987,0.03909859,0,-1,1,-1,1
30.05804,0.05033398,-0.02907417,0.07382534,-0.00687083,-0.05830139,0.03774273,0,-1,1,-1,1
30.07306,0.05065609,-0.02950954,0.07396866,-0.006805399,-0.05709746,0.03694388,0,-1,1,-1,1
30.0892,0.05073228,-0.02992801,0.07393488,-0.006700186,-0.05590963,0.03732162,0,-1,1,-1,1
30.11158,0.05073113,-0.03034812,0.07378925,-0.006425656,-0.05458882,0.03832587,0,-1,1,-1,1
30.14951,0.05076626,-0.03077883,0.07385398,-0.004400879,-0.05462021,0.04105927,0,-1,1,-1,1
30.16627,0.05088732,-0.03101641,0.07421867,-0.003322784,-0.05481517,0.04256845,0,-1,1,-1,1
30.1888,0.05096779,-0.03139883,0.07459369,-0.002153166,-0.054261,0.04425256,0,-1,1,-1,1
30.21018,0.05086683,-0.03165398,0.07463473,-0.001420138,-0.05288622,0.04587631,0,-1,1,-1,1
30.23319,0.05050991,-0.03172701,0.07455863,-0.0001386926,-0.05166298,0.0477232,0,-1,1,-1,1
30.25617,0.05002898,-0.03160349,0.07446641,0.001026493,-0.05157462,0.04940039,0,-1,1,-1,1
30.28991,0.04937283,-0.0314784,0.07487401,0.002267063,-0.05248377,0.05155661,0,-1,1,-1,1
30.31112,0.04885148,-0.03098929,0.07522125,0.002705241,-0.05324534,0.05247582,0,-1,1,-1,1
30.33533,0.0484371,-0.02991684,0.07538198,0.002322285,-0.05445743,0.05178206,0,-1,1,-1,1
30.35524,0.04796758,-0.02904866,0.07575835,0.001126025,-0.05526745,0.05033504,0,-1,1,-1,1
30.37753,0.04744478,-0.02837766,0.07613459,-0.0003394317,-0.05524683,0.04904377,0,-1,1,-1,1
30.39911,0.04685924,-0.02783036,0.07643414,-0.002192944,-0.05562425,0.04725204,0,-1,1,-1,1
30.43297,0.0462751,-0.02668996,0.07717523,-0.002697948,-0.05713859,0.04348891,0,-1,1,-1,1
30.45543,0.04588776,-0.02628456,0.0781063,-0.002929939,-0.05738333,0.04119486,0,-1,1,-1,1
30.47008,0.04538466,-0.02561739,0.07863192,-0.004017966,-0.05712518,0.03998633,0,-1,1,-1,1
30.50273,0.04437643,-0.02529297,0.07859638,-0.004701696,-0.05519336,0.04173334,0,-1,1,-1,1
30.52176,0.04361542,-0.02453465,0.0787672,-0.004819969,-0.05464536,0.04275159,0,-1,1,-1,1
30.54559,0.04282903,-0.02395908,0.07912543,-0.00471537,-0.05399138,0.04450901,0,-1,1,-1,1
30.57858,0.04127137,-0.02335999,0.07978408,-0.003671089,-0.0524745,0.0489393,0,-1,1,-1,1
30.59963,0.04021198,-0.02250552,0.08037946,-0.002330652,-0.05346912,0.05121677,0,-1,1,-1,1
30.62584,0.03930263,-0.02100816,0.08189169,-0.0007207245,-0.05616781,0.05112262,0,-1,1,-1,1
30.64731,0.03957507,-0.02067947,0.08285905,-0.001602836,-0.0567565,0.04856609,0,-1,1,-1,1
30.66613,0.03887233,-0.02060898,0.08380054,-0.003606191,-0.05481064,0.04829983,0,-1,1,-1,1
30.69037,0.03753035,-0.0208632,0.08429319,-0.005786715,-0.05166826,0.04981834,0,-1,1,-1,1
30.72592,0.03660462,-0.02016022,0.08572137,-0.004024126,-0.05405137,0.04794572,0,-1,1,-1,1
30.74615,0.03650942,-0.02006258,0.08786293,-0.002694499,-0.05693704,0.04448143,0,-1,1,-1,1
30.76693,0.03632943,-0.02032548,0.09089121,-0.002348321,-0.05752578,0.04088414,0,-1,1,-1,1
30.78889,0.0358645,-0.02094775,0.09170015,-0.003428854,-0.05441564,0.04171161,0,-1,1,-1,1
30.8041,0.03494828,-0.02158097,0.09283639,-0.004397919,-0.05149511,0.04327847,0,-1,1,-1,1
30.83494,0.03357192,-0.02196091,0.09361155,-0.003008232,-0.04924932,0.04793234,0,-1,1,-1,1
30.87094,0.03180306,-0.02203991,0.09523536,-0.001051554,-0.04977003,0.05310184,0,-1,1,-1,1
30.88906,0.03085412,-0.02218183,0.09668487,0.000746347,-0.05236387,0.05524744,0,-1,1,-1,1
30.91548,0.02970915,-0.0223628,0.09906508,0.003591219,-0.05673784,0.05563464,0,-1,1,-1,1
30.93281,0.02963777,-0.0221888,0.09996171,0.003974073,-0.0587129,0.05354718,0,-1,1,-1,1
30.95679,0.02880794,-0.02271021,0.101769,0.005446745,-0.05914804,0.05142576,0,-1,1,-1,1
30.97924,0.02793622,-0.02273243,0.1031247,0.006378803,-0.05947688,0.04956524,0,-1,1,-1,1
31.01122,0.0268253,-0.02266508,0.1052192,0.006729519,-0.06163257,0.04532167,0,-1,1,-1,1
31.03335,0.02628558,-0.02292068,0.1071089,0.006696593,-0.06377226,0.0423021,0,-1,1,-1,1
31.06126,0.02592731,-0.02338609,0.1086853,0.005779585,-0.06560528,0.03953012,0,-1,1,-1,1
31.07688,0.02544897,-0.02364494,0.1102467,0.005698813,-0.06710434,0.03730717,0,-1,1,-1,1
31.10011,0.02529873,-0.02346307,0.1114636,0.005608305,-0.06867045,0.03531472,0,-1,1,-1,1
31.12285,0.02519719,-0.0239252,0.113406,0.005885368,-0.0697653,0.03430223,0,-1,1,-1,1
31.15667,0.02488451,-0.02505764,0.1160773,0.005685066,-0.0694429,0.03519767,0,-1,1,-1,1
31.17234,0.02466551,-0.02544151,0.1173473,0.005664096,-0.06912735,0.03641001,0,-1,1,-1,1
31.20012,0.02434357,-0.0254559,0.1185192,0.00652327,-0.06852075,0.04005492,0,-1,1,-1,1
31.22225,0.0240611,-0.02578579,0.119731,0.007541934,-0.06868267,0.04344443,0,-1,1,-1,1
31.2369,0.02380474,-0.02618237,0.121053,0.008328093,-0.0691919,0.04579584,0,-1,1,-1,1
31.27071,0.02378024,-0.02643897,0.1223173,0.009806756,-0.06998789,0.04835901,0,-1,1,-1,1
31.28944,0.02355846,-0.02673846,0.1234321,0.01084242,-0.07035041,0.05003371,0,-1,1,-1,1
31.32376,0.02333762,-0.02666678,0.124843,0.01248702,-0.07110015,0.0509007,0,-1,1,-1,1
31.34848,0.02315444,-0.02650352,0.1263044,0.01320333,-0.07188386,0.05124856,0,-1,1,-1,1
31.37434,0.02296552,-0.02665928,0.1269866,0.01211433,-0.07224017,0.04978004,0,-1,1,-1,1
31.39355,0.02261332,-0.02631714,0.1273963,0.01162479,-0.07260874,0.04903654,0,-1,1,-1,1
31.41144,0.02246301,-0.02626076,0.1274927,0.01087139,-0.07295129,0.04866849,0,-1,1,-1,1
31.43682,0.02195097,-0.02620095,0.1278152,0.009460501,-0.07364389,0.04889559,0,-1,1,-1,1
31.46985,0.02141576,-0.02597685,0.1279996,0.008296343,-0.07627526,0.04885545,0,-1,1,-1,1
31.48913,0.02118745,-0.02586624,0.128526,0.008001374,-0.07812554,0.04782556,0,-1,1,-1,1
31.51175,0.02115312,-0.0260697,0.128991,0.007516241,-0.07928336,0.04620528,0,-1,1,-1,1
31.53284,0.02097431,-0.02626931,0.1293388,0.007483331,-0.07946798,0.04435781,0,-1,1,-1,1
31.55529,0.02084972,-0.02623393,0.1295751,0.00829703,-0.07944131,0.0425389,0,-1,1,-1,1
31.58055,0.02077582,-0.02644584,0.130045,0.009489054,-0.07912248,0.04118106,0,-1,1,-1,1
31.61181,0.02039411,-0.02686114,0.1306038,0.01054367,-0.077535,0.04196596,0,-1,1,-1,1
31.63406,0.01972934,-0.02719146,0.1308271,0.01059788,-0.07690004,0.04464427,0,-1,1,-1,1
31.65571,0.01926245,-0.02732413,0.1311331,0.01085149,-0.07754242,0.04716551,0,-1,1,-1,1
31.67909,0.01895072,-0.0272677,0.1314149,0.01139076,-0.07844326,0.04975628,0,-1,1,-1,1
31.7002,0.01850046,-0.0275826,0.1318811,0.01166951,-0.07898837,0.05144502,0,-1,1,-1,1
31.72336,0.01801739,-0.02794922,0.1321518,0.01158752,-0.07912168,0.05208739,0,-1,1,-1,1
31.74386,0.01746215,-0.02836796,0.1322626,0.01190932,-0.07913584,0.05248795,0,-1,1,-1,1
31.76254,0.01689539,-0.02864317,0.1321563,0.01243321,-0.07890376,0.05234775,0,-1,1,-1,1
31.8003,0.01614024,-0.02923987,0.1324184,0.01407847,-0.0795047,0.04989894,0,-1,1,-1,1
31.82204,0.01559315,-0.03020001,0.1328168,0.01403687,-0.07997647,0.04827889,0,-1,1,-1,1
31.84782,0.01471808,-0.03200512,0.1334154,0.01321278,-0.08018139,0.04721517,0,-1,1,-1,1
31.86729,0.01389109,-0.0341832,0.1337781,0.01219451,-0.07996419,0.04738934,0,-1,1,-1,1
31.8894,0.01339515,-0.03567194,0.1336531,0.01228278,-0.07997555,0.04811354,0,-1,1,-1,1
31.91386,0.01240145,-0.03805874,0.133895,0.01293956,-0.08023116,0.04891448,0,-1,1,-1,1
31.95352,0.01047542,-0.04379553,0.1348501,0.01504635,-0.07984045,0.05155967,0,-1,1,-1,1
31.97134,0.008354637,-0.05038777,0.1356796,0.01530423,-0.07905355,0.05446585,0,-1,1,-1,1
31.98857,0.007003867,-0.05373051,0.1358803,0.01415689,-0.07795241,0.05722743,0,-1,1,-1,1
32.01139,0.004859789,-0.06020647,0.1363713,0.01303256,-0.07731885,0.06082407,0,-1,1,-1,1
32.03339,0.002499989,-0.06757791,0.1368169,0.01124184,-0.07743695,0.06427712,0,-1,1,-1,1
32.05977,-0.0003141631,-0.075905,0.1373991,0.008796027,-0.07735458,0.06719833,0,-1,1,-1,1
32.09593,-0.004484464,-0.08819499,0.1382309,0.005668793,-0.07697716,0.06834689,0,-1,1,-1,1
32.11162,-0.007282705,-0.09841999,0.1391871,0.003976684,-0.0767836,0.06738324,0,-1,1,-1,1
32.13347,-0.01053126,-0.1111195,0.1407839,0.00207372,-0.07490027,0.06497845,0,-1,1,-1,1
32.1578,-0.01482788,-0.1242321,0.1411516,-0.0009729043,-0.06954616,0.06678668,0,-1,1,-1,1
32.17351,-0.01984005,-0.1366702,0.1408227,-0.00388604,-0.06198493,0.07221165,0,-1,1,-1,1
32.20034,-0.02494407,-0.149166,0.1408171,-0.001772966,-0.05582365,0.07479943,0,-1,1,-1,1
32.23415,-0.03101857,-0.1705274,0.1423068,0.0005611666,-0.05676469,0.06432229,0,-1,1,-1,1
32.25603,-0.03545916,-0.1889816,0.1447744,0.0008547287,-0.05651379,0.05677346,0,-1,1,-1,1
32.27716,-0.0404938,-0.2102032,0.1496298,0.006983282,-0.05042747,0.05652329,0,-1,1,-1,1
32.29913,-0.04670547,-0.2269897,0.1513098,0.01416895,-0.03887317,0.06152422,0,-1,1,-1,1
32.32164,-0.05342132,-0.242823,0.1520338,0.01807656,-0.02439478,0.06869315,0,-1,1,-1,1
32.34491,-0.05930542,-0.2586142,0.1537448,0.0218406,-0.01637754,0.06683793,0,-1,1,-1,1
32.37777,-0.06566648,-0.2839532,0.1596901,0.02989407,-0.01424715,0.04258034,0,-1,1,-1,1
32.39428,-0.06949059,-0.3006234,0.1632502,0.03455709,-0.01222274,0.02369857,0,-1,1,-1,1
32.42478,-0.0730697,-0.319759,0.1672263,0.03945826,-0.00565806,0.004513286,0,-1,1,-1,1
32.444,-0.0775653,-0.3382173,0.1703966,0.04269831,0.006536663,-0.004400749,0,-1,1,-1,1
32.46708,-0.08167534,-0.3553758,0.1727547,0.04596709,0.02023089,-0.01059722,0,-1,1,-1,1
32.49209,-0.08497923,-0.3712995,0.175364,0.05329368,0.03262955,-0.01947772,0,-1,1,-1,1
32.52283,-0.08741058,-0.395373,0.1789075,0.06781713,0.04976609,-0.04230905,0,-1,1,-1,1
32.54436,-0.08759949,-0.4102771,0.1802302,0.07352983,0.06297058,-0.06129273,0,-1,1,-1,1
32.57099,-0.08874775,-0.4328952,0.1811301,0.07787573,0.08221588,-0.08325085,0,-1,1,-1,1
32.58862,-0.08850022,-0.4407718,0.1819216,0.07850126,0.08994743,-0.08487532,0,-1,1,-1,1
32.60434,-0.08840917,-0.4557633,0.1828467,0.08354235,0.1031603,-0.08866054,0,-1,1,-1,1
32.64879,-0.08467069,-0.4767076,0.1839701,0.09864022,0.1261191,-0.08833933,0,-1,1,-1,1
32.66768,-0.08136231,-0.4906539,0.1835969,0.1017152,0.1432699,-0.09521283,0,-1,1,-1,1
32.68947,-0.07643377,-0.5120915,0.1819653,0.1049435,0.1665904,-0.1048328,0,-1,1,-1,1
32.72114,-0.07151707,-0.5247985,0.1817798,0.1153913,0.1787926,-0.09687109,0,-1,1,-1,1
32.73693,-0.06733122,-0.5375412,0.181519,0.1325195,0.1943761,-0.08005762,0,-1,1,-1,1
32.76837,-0.06242352,-0.5439681,0.1798882,0.1491359,0.2122388,-0.05493145,0,-1,1,-1,1
32.79863,-0.0578279,-0.5540214,0.1786116,0.1494452,0.2274389,-0.03954265,0,-1,1,-1,1
32.81439,-0.05066497,-0.5707617,0.175543,0.1562315,0.2469707,-0.01698052,0,-1,1,-1,1
32.8338,-0.05018836,-0.5760835,0.1763022,0.1610377,0.2542446,0.002511695,0,-1,1,-1,1
32.85981,-0.04730935,-0.5807824,0.1752232,0.17801,0.2654624,0.03223934,0,-1,1,-1,1
32.89095,-0.04202581,-0.5850295,0.1733775,0.1988532,0.2793801,0.04868639,0,-1,1,-1,1
32.91307,-0.03853035,-0.5899352,0.1708133,0.201764,0.2889248,0.04912147,0,-1,1,-1,1
32.933,-0.03583779,-0.5979308,0.1683705,0.2031567,0.2999634,0.04781315,0,-1,1,-1,1
32.9491,-0.03326948,-0.6038982,0.1662303,0.2080344,0.3099641,0.04869945,0,-1,1,-1,1
32.9925,-0.02947826,-0.6035509,0.1647342,0.2143783,0.3254093,0.03267669,0,-1,1,-1,1
33.01089,-0.02688327,-0.6045583,0.1622661,0.212207,0.3373643,0.01534242,0,-1,1,-1,1
33.03323,-0.0235171,-0.6088735,0.1586828,0.210206,0.3539482,-0.002135798,0,-1,1,-1,1
33.05555,-0.02072671,-0.613377,0.1576451,0.2076693,0.362805,-0.01109638,0,-1,1,-1,1
33.07461,-0.01891779,-0.6157307,0.1579533,0.2064412,0.3637781,-0.009511985,0,-1,1,-1,1
33.11107,-0.01321526,-0.6188758,0.1567974,0.2039355,0.3688681,-0.01431277,0,-1,1,-1,1
33.13678,-0.006914339,-0.6197897,0.1533206,0.1947035,0.3771348,-0.03004495,0,-1,1,-1,1
33.16824,-0.000520913,-0.628171,0.1502604,0.1832122,0.3870642,-0.05548041,0,-1,1,-1,1
33.18926,0.002716933,-0.6378954,0.1497204,0.1799495,0.3935939,-0.06739967,0,-1,1,-1,1
33.21504,0.004620377,-0.6463656,0.149259,0.1815362,0.3998086,-0.07016449,0,-1,1,-1,1
33.24561,0.005706629,-0.654039,0.1484757,0.1957382,0.4060669,-0.05310587,0,-1,1,-1,1
33.26655,0.009580241,-0.6498904,0.1484338,0.2034739,0.4061863,-0.04089279,0,-1,1,-1,1
33.29216,0.01785071,-0.6454668,0.1475137,0.1966636,0.4074676,-0.03237439,0,-1,1,-1,1
33.31145,0.019446,-0.6503017,0.1477511,0.1934332,0.4102135,-0.02941503,0,-1,1,-1,1
33.34798,0.01876194,-0.6480319,0.1497738,0.1773939,0.4126852,-0.02991214,0,-1,1,-1,1
33.36787,0.01814786,-0.653382,0.1493797,0.1695377,0.4126269,-0.03032219,0,-1,1,-1,1
33.3867,0.01886029,-0.6546596,0.1489897,0.1678527,0.4102762,-0.03060581,0,-1,1,-1,1
33.43168,0.02017503,-0.655825,0.1454402,0.1503214,0.4112781,-0.04146036,0,-1,1,-1,1
33.46584,0.02396937,-0.6580629,0.140587,0.1437573,0.4188813,-0.07263301,0,-1,1,-1,1
33.49001,0.02526948,-0.6591694,0.1401322,0.1363751,0.4228756,-0.09884575,0,-1,1,-1,1
33.51533,0.02748939,-0.6602374,0.1402812,0.1322708,0.4226386,-0.1169252,0,-1,1,-1,1
33.53466,0.02958963,-0.6605734,0.1387743,0.1274328,0.4229383,-0.1279848,0,-1,1,-1,1
33.55691,0.02922324,-0.6614751,0.1385409,0.1253044,0.4237828,-0.1247446,0,-1,1,-1,1
33.58168,0.02889084,-0.6613031,0.1384931,0.1216479,0.4246193,-0.1254218,0,-1,1,-1,1
33.61134,0.02800211,-0.6606538,0.1383903,0.1177458,0.4224812,-0.1297111,0,-1,1,-1,1
33.62855,0.02843964,-0.662052,0.1376878,0.1186147,0.4213818,-0.1293215,0,-1,1,-1,1
33.65843,0.02838431,-0.6598719,0.1384031,0.1236177,0.4203593,-0.1156047,0,-1,1,-1,1
33.68974,0.02870085,-0.6581758,0.1394528,0.1315674,0.4229208,-0.09889232,0,-1,1,-1,1
33.71522,0.02928121,-0.6558067,0.1401744,0.1392732,0.4235464,-0.08032464,0,-1,1,-1,1
33.73443,0.02833491,-0.6525459,0.1409963,0.147293,0.423766,-0.06400125,0,-1,1,-1,1
33.76863,0.02319136,-0.6473628,0.1430059,0.1472539,0.4229399,-0.04575602,0,-1,1,-1,1
33.79175,0.01660953,-0.6459108,0.1466928,0.1435224,0.4225103,-0.04240927,0,-1,1,-1,1
33.81103,0.01826896,-0.6429012,0.1468779,0.1415274,0.418354,-0.02991254,0,-1,1,-1,1
33.83391,0.01925,-0.6388404,0.1462596,0.1407477,0.417711,-0.009721719,0,-1,1,-1,1
33.87106,0.01103845,-0.6413867,0.1534227,0.1468798,0.409726,-0.00380557,0,-1,1,-1,1
33.88922,0.006347415,-0.6414837,0.15903,0.1493379,0.3972001,0.002321005,0,-1,1,-1,1
33.91169,0.005827899,-0.6423869,0.1613406,0.1453668,0.3836685,0.0007777959,0,-1,1,-1,1
33.93949,0.007666907,-0.6450962,0.1644789,0.1389724,0.3734036,-0.008601949,0,-1,1,-1,1
33.96759,0.0109698,-0.6461722,0.1644458,0.1336987,0.3677229,-0.01784202,0,-1,1,-1,1
33.98796,0.0141312,-0.6461295,0.1619299,0.1295991,0.3684077,-0.01868299,0,-1,1,-1,1
34.01487,0.01451904,-0.6478126,0.1592164,0.1222679,0.3752328,-0.02466598,0,-1,1,-1,1
34.04587,0.011292,-0.6447211,0.1605045,0.1139061,0.3828766,-0.04674257,0,-1,1,-1,1
34.0673,0.01115124,-0.644128,0.1618378,0.1045887,0.3833512,-0.06410701,0,-1,1,-1,1
34.10085,0.01373411,-0.6491929,0.1605882,0.09943563,0.380651,-0.07246523,0,-1,1,-1,1
34.11702,0.01475907,-0.6502957,0.1605596,0.09821327,0.3800419,-0.07139653,0,-1,1,-1,1
34.14916,0.01307584,-0.6519447,0.1627523,0.1019161,0.3811201,-0.06074063,0,-1,1,-1,1
34.16772,0.009572626,-0.6515049,0.1658103,0.1081915,0.3827623,-0.04814565,0,-1,1,-1,1
34.19014,0.008835101,-0.6511001,0.1683838,0.1145308,0.3801995,-0.03986316,0,-1,1,-1,1
34.20822,0.01018763,-0.6507204,0.1687779,0.1173657,0.3743779,-0.03648445,0,-1,1,-1,1
34.24567,0.009875699,-0.6500074,0.1705171,0.1216165,0.3720527,-0.02558339,0,-1,1,-1,1
34.26733,0.008629107,-0.6496118,0.1703644,0.1240647,0.3734462,-0.01625781,0,-1,1,-1,1
34.29027,0.006338407,-0.6480258,0.1709717,0.1256389,0.3742209,-0.00883504,0,-1,1,-1,1
34.31252,0.005899013,-0.6474389,0.1707388,0.1262343,0.3723846,-0.007547271,0,-1,1,-1,1
34.34582,0.006868892,-0.6472257,0.1704826,0.1244798,0.3732913,-0.01168135,0,-1,1,-1,1
34.37098,0.00683944,-0.647523,0.1703203,0.1226557,0.3750795,-0.01526276,0,-1,1,-1,1
34.39161,0.006517206,-0.6480321,0.1703051,0.1212895,0.3767076,-0.01625568,0,-1,1,-1,1
34.42768,0.005996055,-0.6479275,0.1702527,0.1215805,0.3755922,-0.01475021,0,-1,1,-1,1
34.4574,0.006969058,-0.6480924,0.1700871,0.1211055,0.3756863,-0.01450907,0,-1,1,-1,1
34.4818,0.007446381,-0.6481206,0.1703082,0.1216906,0.3761055,-0.01668847,0,-1,1,-1,1
34.50112,0.007604928,-0.6479005,0.1702865,0.1224822,0.3753485,-0.01781128,0,-1,1,-1,1
34.52347,0.007382198,-0.647862,0.1698153,0.1219954,0.3749863,-0.01714477,0,-1,1,-1,1
34.54538,0.007310529,-0.647594,0.1695824,0.1211498,0.3748371,-0.01661768,0,-1,1,-1,1
34.5827,0.007418762,-0.6473433,0.1691951,0.1199657,0.3743653,-0.01815523,0,-1,1,-1,1
34.60143,0.007702065,-0.6474185,0.1689158,0.1191468,0.3743378,-0.01959383,0,-1,1,-1,1
34.62263,0.007256829,-0.6477522,0.1687259,0.1184382,0.3747158,-0.01983771,0,-1,1,-1,1
34.64417,0.007092007,-0.647522,0.1688721,0.1184806,0.3745235,-0.01920798,0,-1,1,-1,1
34.66291,0.006970887,-0.6478826,0.1692033,0.1191577,0.37404,-0.01781749,0,-1,1,-1,1
34.70183,0.006652324,-0.6474318,0.1694821,0.1202587,0.3735446,-0.01471312,0,-1,1,-1,1
34.72469,0.006600789,-0.6477573,0.169756,0.1203192,0.3734406,-0.0142938,0,-1,1,-1,1
34.74487,0.006359973,-0.647403,0.1702815,0.1199889,0.3731394,-0.01531776,0,-1,1,-1,1
34.76962,0.006325199,-0.6477134,0.17047,0.1196342,0.3729688,-0.01667112,0,-1,1,-1,1
34.80334,0.00606908,-0.6477495,0.1710337,0.119994,0.3723686,-0.01710154,0,-1,1,-1,1
34.81834,0.005735079,-0.647973,0.1712194,0.1202647,0.3715295,-0.01667617,0,-1,1,-1,1
34.84664,0.005302642,-0.6478907,0.1716332,0.1203046,0.3707259,-0.01549288,0,-1,1,-1,1
34.86969,0.005037446,-0.6477507,0.1718218,0.1202506,0.3704764,-0.01509222,0,-1,1,-1,1
34.90064,0.005011457,-0.6479393,0.1723499,0.1205686,0.3701102,-0.01442672,0,-1,1,-1,1
34.91676,0.00489205,-0.6481326,0.1726954,0.1210713,0.3695988,-0.01373137,0,-1,1,-1,1
34.95552,0.00493061,-0.6477629,0.17301,0.1223071,0.3690514,-0.01201227,0,-1,1,-1,1
34.97075,0.004826742,-0.6475745,0.1731176,0.1225981,0.3689608,-0.01132191,0,-1,1,-1,1
35.00477,0.004804871,-0.6475846,0.1730035,0.1223981,0.3691714,-0.01096132,0,-1,1,-1,1
35.0227,0.004780146,-0.648003,0.1728312,0.1222951,0.3695664,-0.01152055,0,-1,1,-1,1
35.04534,0.004958654,-0.6475823,0.1726804,0.1223665,0.3696175,-0.012109,0,-1,1,-1,1
35.07178,0.005150015,-0.6474769,0.1723843,0.1221939,0.3702019,-0.01226822,0,-1,1,-1,1
35.10159,0.005010158,-0.6473146,0.172463,0.1219042,0.3708972,-0.01176433,0,-1,1,-1,1
35.12381,0.005043246,-0.6479291,0.1724109,0.1218943,0.3713661,-0.01171031,0,-1,1,-1,1
35.14816,0.005243633,-0.6478314,0.172576,0.1221961,0.3714242,-0.01151528,0,-1,1,-1,1
35.16739,0.005703345,-0.6479893,0.1726366,0.1225193,0.3713669,-0.01138176,0,-1,1,-1,1
35.19046,0.005455968,-0.6478782,0.1728889,0.1231979,0.3711803,-0.01133388,0,-1,1,-1,1
35.22608,0.005609803,-0.6477413,0.1729844,0.1232985,0.3707132,-0.01177114,0,-1,1,-1,1
35.24431,0.005460656,-0.6476584,0.1727401,0.1225394,0.3703487,-0.01247212,0,-1,1,-1,1
35.26024,0.005598575,-0.6479363,0.1728245,0.1217625,0.3702446,-0.01356786,0,-1,1,-1,1
35.29508,0.005566426,-0.6482815,0.1726873,0.1214315,0.3699549,-0.01416091,0,-1,1,-1,1
35.32371,0.005432616,-0.647971,0.1726508,0.1221586,0.3703414,-0.01294727,0,-1,1,-1,1
35.34455,0.005125214,-0.6473892,0.1723485,0.1224872,0.3705838,-0.01189913,0,-1,1,-1,1
35.36231,0.005310489,-0.6472989,0.1722119,0.1219716,0.3709072,-0.01214211,0,-1,1,-1,1
35.39215,0.005505216,-0.6477969,0.1720565,0.1216399,0.3717469,-0.01265099,0,-1,1,-1,1
35.42609,0.005783938,-0.6478963,0.1719697,0.1223669,0.3726844,-0.01266458,0,-1,1,-1,1
35.44457,0.005925626,-0.647783,0.1717384,0.1223676,0.3746283,-0.01178298,0,-1,1,-1,1
35.46779,0.005238388,-0.647633,0.1708855,0.1228728,0.3753555,-0.01009003,0,-1,1,-1,1
35.48947,0.005563254,-0.6473988,0.1701773,0.12335,0.3761546,-0.009103741,0,-1,1,-1,1
35.5231,0.00631716,-0.6472487,0.1693092,0.1239179,0.377529,-0.00776672,0,-1,1,-1,1
35.54477,0.006874337,-0.6471116,0.1685295,0.1237269,0.380168,-0.006122913,0,-1,1,-1,1
35.57016,0.006984356,-0.6470626,0.1684173,0.1229971,0.3813089,-0.007727746,0,-1,1,-1,1
35.59972,0.007690118,-0.6476715,0.1684524,0.1216206,0.3815972,-0.01233032,0,-1,1,-1,1
35.62327,0.008461525,-0.6481856,0.1688574,0.1215933,0.38137,-0.01510343,0,-1,1,-1,1
35.64804,0.009647864,-0.6491583,0.1689146,0.1226858,0.3804734,-0.01593969,0,-1,1,-1,1
35.66798,0.009654333,-0.6493139,0.1696842,0.1237647,0.3793079,-0.01516529,0,-1,1,-1,1
35.69122,0.008970679,-0.649528,0.1705041,0.1248554,0.3770087,-0.01303474,0,-1,1,-1,1
35.72568,0.009427468,-0.6491333,0.1714784,0.1247889,0.3748544,-0.01366263,0,-1,1,-1,1
35.74625,0.009736379,-0.6492005,0.1722007,0.1241132,0.3728396,-0.01704358,0,-1,1,-1,1
35.76803,0.009242707,-0.6497372,0.1724388,0.1225094,0.3716321,-0.01934906,0,-1,1,-1,1
35.79438,0.008834236,-0.6501927,0.1733312,0.1209624,0.3714459,-0.0215635,0,-1,1,-1,1
35.824,0.008269903,-0.6502267,0.1743931,0.1209233,0.3702188,-0.02269845,0,-1,1,-1,1
35.84561,0.007494972,-0.6503797,0.1756735,0.1203923,0.3689869,-0.02498195,0,-1,1,-1,1
35.87026,0.006873132,-0.6503296,0.1765872,0.119832,0.367744,-0.02613905,0,-1,1,-1,1
35.89097,0.006534957,-0.6505715,0.1770452,0.1201395,0.3668781,-0.02574829,0,-1,1,-1,1
35.92351,0.005798024,-0.651032,0.1779296,0.1207801,0.3649058,-0.02308858,0,-1,1,-1,1
35.94675,0.004919786,-0.6510806,0.1787948,0.1220678,0.3645091,-0.01969427,0,-1,1,-1,1
35.96838,0.003903399,-0.6507364,0.1799728,0.1238342,0.3633072,-0.01633946,0,-1,1,-1,1
36.00711,0.003315878,-0.6504375,0.1803711,0.1255337,0.3626473,-0.01320586,0,-1,1,-1,1
36.02391,0.00326263,-0.6504661,0.1806011,0.1258674,0.3633035,-0.01194828,0,-1,1,-1,1
36.05548,0.003245453,-0.6505177,0.1808586,0.1257221,0.3639945,-0.01184134,0,-1,1,-1,1
36.07151,0.00335823,-0.6503125,0.1805934,0.1254312,0.3643251,-0.01275671,0,-1,1,-1,1
36.1016,0.003418558,-0.6502529,0.1803333,0.1252693,0.3646825,-0.0137973,0,-1,1,-1,1
36.12289,0.003683104,-0.650591,0.1801679,0.1250311,0.3650097,-0.01416022,0,-1,1,-1,1
36.14999,0.004069973,-0.6505493,0.179867,0.1248083,0.3657428,-0.01494815,0,-1,1,-1,1
36.17205,0.004271487,-0.6505219,0.1795068,0.124676,0.3665051,-0.01574792,0,-1,1,-1,1
36.20134,0.004959144,-0.650788,0.1789523,0.1245964,0.366746,-0.01649779,0,-1,1,-1,1
36.2262,0.005297464,-0.6510937,0.1787981,0.1246209,0.3670926,-0.0165135,0,-1,1,-1,1
36.24424,0.005660238,-0.6509312,0.1784152,0.1246646,0.3677879,-0.01615445,0,-1,1,-1,1
36.26837,0.005972822,-0.6508381,0.1782165,0.1246402,0.3677492,-0.01597451,0,-1,1,-1,1
36.30567,0.006467299,-0.6510192,0.1781048,0.1248646,0.3672172,-0.0158499,0,-1,1,-1,1
36.32641,0.006803972,-0.6513153,0.1784689,0.124983,0.3666911,-0.0158767,0,-1,1,-1,1
36.35124,0.006992762,-0.6511871,0.1787822,0.1246539,0.3659222,-0.0174061,0,-1,1,-1,1
36.36959,0.007239924,-0.651123,0.1790092,0.1243491,0.3650707,-0.01885272,0,-1,1,-1,1
36.38868,0.0069316,-0.6512536,0.1795955,0.1239511,0.3631369,-0.02102045,0,-1,1,-1,1
36.42339,0.006492441,-0.6513772,0.1801881,0.1226353,0.360764,-0.02277936,0,-1,1,-1,1
36.44632,0.006720687,-0.6514906,0.1806547,0.1214401,0.3600053,-0.02245988,0,-1,1,-1,1
36.46656,0.006045601,-0.6510597,0.1804227,0.1222553,0.3594966,-0.02264312,0,-1,1,-1,1
36.4921,0.005239862,-0.6509501,0.1807203,0.1225474,0.3596038,-0.02216083,0,-1,1,-1,1
36.52512,0.00432602,-0.6506307,0.1811792,0.1233631,0.3608172,-0.01830456,0,-1,1,-1,1
36.54442,0.003500401,-0.6499769,0.1813661,0.1244468,0.3611942,-0.01530601,0,-1,1,-1,1
36.56763,0.002295384,-0.6493344,0.1811641,0.1257252,0.3615861,-0.0114471,0,-1,1,-1,1
36.5926,0.002100714,-0.6492484,0.1811459,0.1259501,0.3625079,-0.009612836,0,-1,1,-1,1
36.6218,0.001649477,-0.6488382,0.1809379,0.1263893,0.3639317,-0.00677935,0,-1,1,-1,1
36.63836,0.001498269,-0.6486276,0.1806921,0.1268226,0.3649457,-0.005761109,0,-1,1,-1,1
36.66987,0.001535055,-0.6481876,0.1804519,0.1268248,0.3656635,-0.006099977,0,-1,1,-1,1
36.68821,0.00162316,-0.6484432,0.1801986,0.1258759,0.3658739,-0.007618122,0,-1,1,-1,1
36.72367,0.001601571,-0.6484818,0.1794678,0.1254225,0.3665694,-0.007918242,0,-1,1,-1,1
36.74367,0.001936451,-0.648421,0.1788477,0.1260374,0.3666438,-0.006995857,0,-1,1,-1,1
36.75798,0.001870929,-0.6483481,0.1787086,0.126607,0.3668543,-0.005982593,0,-1,1,-1,1
36.79053,0.002462596,-0.6475536,0.1776399,0.1263466,0.3682352,-0.004892692,0,-1,1,-1,1
36.81424,0.00278673,-0.6475994,0.1767911,0.125983,0.3686064,-0.005854517,0,-1,1,-1,1
36.84545,0.003100588,-0.6475703,0.1759827,0.1245893,0.3703542,-0.006434184,0,-1,1,-1,1
36.86691,0.003167753,-0.64747,0.1750887,0.1241293,0.3709946,-0.007165857,0,-1,1,-1,1
36.89824,0.003730154,-0.647684,0.1747547,0.1236999,0.3705269,-0.008193299,0,-1,1,-1,1
36.91443,0.004326415,-0.6477235,0.1743511,0.1231695,0.370373,-0.009118412,0,-1,1,-1,1
36.9494,0.004763006,-0.6476538,0.1742659,0.1223585,0.3702073,-0.01020075,0,-1,1,-1,1
36.96669,0.005190624,-0.6478338,0.1741061,0.1217591,0.3699647,-0.01133636,0,-1,1,-1,1
36.98895,0.005426959,-0.6481926,0.1743864,0.1216765,0.3692098,-0.0123741,0,-1,1,-1,1
37.01231,0.005531721,-0.6479736,0.1745004,0.1217291,0.3683444,-0.01276905,0,-1,1,-1,1
37.04482,0.005535294,-0.6480642,0.1748448,0.1213892,0.3669704,-0.0138572,0,-1,1,-1,1
37.06741,0.00549518,-0.6481043,0.1753353,0.1209283,0.3658797,-0.01512698,0,-1,1,-1,1
37.09476,0.005281255,-0.6484612,0.1760944,0.120979,0.3653098,-0.01537026,0,-1,1,-1,1
37.11271,0.004912369,-0.6482071,0.1767146,0.1213119,0.3647438,-0.01488551,0,-1,1,-1,1
37.14606,0.004483473,-0.6481458,0.1773747,0.1222311,0.3642103,-0.01287588,0,-1,1,-1,1
37.17029,0.00372001,-0.6479332,0.17826,0.1226229,0.3633011,-0.01145171,0,-1,1,-1,1
37.18833,0.003621867,-0.6479488,0.1786348,0.1228641,0.3633135,-0.01089865,0,-1,1,-1,1
37.20542,0.002905041,-0.6475444,0.1791543,0.1235175,0.3628851,-0.01008152,0,-1,1,-1,1
37.23724,0.002385125,-0.6472161,0.1795041,0.1240904,0.3624573,-0.009064823,0,-1,1,-1,1
37.26774,0.001957603,-0.6470035,0.179867,0.1242121,0.3619227,-0.008013282,0,-1,1,-1,1
37.28921,0.001703682,-0.6471468,0.1803775,0.1241813,0.3618255,-0.007617172,0,-1,1,-1,1
37.31166,0.001295406,-0.6470236,0.1808893,0.1245968,0.3614943,-0.00729822,0,-1,1,-1,1
37.33346,0.001610222,-0.6461908,0.1800846,0.124903,0.3615486,-0.007458594,0,-1,1,-1,1
37.37202,0.001452357,-0.6462721,0.1801481,0.1251845,0.3615001,-0.006147396,0,-1,1,-1,1
37.39069,0.001344316,-0.6463689,0.1806172,0.1254961,0.3614471,-0.004735626,0,-1,1,-1,1
37.41524,0.001569864,-0.6462612,0.180647,0.125662,0.3616452,-0.005051035,0,-1,1,-1,1
37.43624,0.001555786,-0.6461412,0.1804625,0.1257219,0.3617318,-0.005787093,0,-1,1,-1,1
37.45669,0.001674183,-0.6462168,0.1803137,0.1256092,0.36179,-0.006300431,0,-1,1,-1,1
37.49446,0.002120802,-0.6464115,0.179792,0.1249458,0.3620898,-0.006879024,0,-1,1,-1,1
37.51702,0.002230708,-0.6463916,0.1793696,0.1246564,0.3625247,-0.007146306,0,-1,1,-1,1
37.53452,0.002573334,-0.646379,0.1789479,0.12438,0.3631032,-0.007624589,0,-1,1,-1,1
37.55445,0.002688123,-0.6462467,0.1788736,0.1244665,0.3636183,-0.008149166,0,-1,1,-1,1
37.59501,0.00271106,-0.6462265,0.1785384,0.1243832,0.3645099,-0.007909689,0,-1,1,-1,1
37.61697,0.002759304,-0.6463529,0.1783576,0.1243551,0.3649727,-0.00704037,0,-1,1,-1,1
37.63423,0.002776686,-0.6464259,0.1783572,0.1244962,0.3648874,-0.007027589,0,-1,1,-1,1
37.65623,0.002749596,-0.6464819,0.1785399,0.1246503,0.3648173,-0.007398285,0,-1,1,-1,1
37.68279,0.002752627,-0.6465366,0.1785702,0.1247403,0.3647519,-0.007969741,0,-1,1,-1,1
37.7164,0.002363764,-0.6464303,0.1789093,0.1245364,0.3647124,-0.008007843,0,-1,1,-1,1
37.73816,0.002177684,-0.6464909,0.1791093,0.1246509,0.3643691,-0.007735725,0,-1,1,-1,1
37.75816,0.001838712,-0.6466419,0.1796597,0.1249896,0.3639538,-0.007276006,0,-1,1,-1,1
37.77831,0.001931684,-0.6464198,0.179613,0.1254475,0.363842,-0.006954707,0,-1,1,-1,1
37.81444,0.001903011,-0.6463803,0.1796457,0.1256918,0.3637033,-0.006507486,0,-1,1,-1,1
37.83651,0.001978973,-0.6464099,0.1795116,0.1254044,0.3636785,-0.006751716,0,-1,1,-1,1
37.85577,0.002001167,-0.6466815,0.1796862,0.1252921,0.3636637,-0.006907627,0,-1,1,-1,1
37.87836,0.002117669,-0.6466205,0.1795184,0.1253236,0.3638662,-0.007064968,0,-1,1,-1,1
37.91138,0.002436066,-0.6461149,0.1789763,0.1254946,0.3640896,-0.006989617,0,-1,1,-1,1
37.93808,0.002405044,-0.6460383,0.1790275,0.1257338,0.3640703,-0.00662867,0,-1,1,-1,1
37.95826,0.002311174,-0.6459954,0.1790646,0.1256162,0.3639691,-0.006567918,0,-1,1,-1,1
37.97855,0.00237893,-0.646115,0.179029,0.1252233,0.3640233,-0.006736334,0,-1,1,-1,1
38.00118,0.002415328,-0.6461468,0.178965,0.1250593,0.3641687,-0.007234931,0,-1,1,-1,1
38.11774,0.002381876,-0.6462291,0.1790437,0.1251185,0.3642894,-0.007314399,0,-1,1,-1,1
